Latitude,Longitude,Route Number,Type,Crash Severity,Incident Date,Road Name,Score
38.07665802,-78.47834817,29,Accident,injury crash,1/3/2010,SEMINOLE TRL,0.012304447
38.04422632,-78.51410857,250,Accident,injury crash,1/11/2010,ivy rd,0.016825849
38.07468698,-78.46810931,631,Accident,property damage crash,1/12/2010,EAST RIO RD,0.022779613
38.08273414,-78.49061968,743,Accident,property damage crash,1/13/2010,EARLYSVILLE RD,0.014030319
38.00565719,-78.48003746,20,Accident,injury crash,1/16/2010,scottsville rd,0.030377569
38.07459896,-78.4059693,20,Accident,injury crash,1/18/2010,Stony POiNt Rd,0.030377569
38.05531115,-78.57163783,250,Accident,property damage crash,1/23/2010,IVY RD,0.016825849
38.00042949,-78.52758379,631,Accident,injury crash,3/3/2010,OLD LYNCHBURG RD,0.022779613
37.88875251,-78.54921563,20,Accident,injury crash,3/7/2010,scottesville rd,0.030377569
38.05094933,-78.70557199,250,Accident,property damage crash,3/14/2010,ROCKFISH GAP TNPK,0.016825849
37.89658093,-78.55062489,20,Accident,injury crash,3/20/2010,SCOTTSVILLE RD,0.030377569
38.13107307,-78.43645378,29,Accident,injury crash,3/29/2010,seminole trail,0.012304447
37.95610797,-78.65177171,692,Accident,property damage crash,4/2/2010,PLANK RD,0.022813036
37.990226,-78.53539,631,Accident,property damage crash,4/7/2010,OLD LYNCHBURG ROAD,0.022779613
37.95717882,-78.65099148,692,Accident,injury crash,4/17/2010,PLANK RD,0.022813036
37.82576,-78.70534,6,Accident,property damage crash,12/6/2014,IRISH RD,0.022074779
38.08177027,-78.47382304,29,Accident,property damage crash,5/8/2010,SeMInOLe Traii,0.012304447
37.97945763,-78.50839716,20,Accident,injury crash,5/8/2010,SCOTTSVILLE RD,0.030377569
38.06159331,-78.53240254,601,Accident,injury crash,5/16/2010,old garth rd,0.017077528
38.06600249,-78.48789563,29,Accident,property damage crash,5/21/2010,SEMINOLE TR,0.012304447
37.93046058,-78.67546366,29,Accident,injury crash,6/8/2010,monacan trail,0.012304447
37.95242103,-78.53131111,20,Accident,property damage crash,6/13/2010,3138 SOTTESVILLE ROAD,0.030377569
38.06199636,-78.49163096,743,Accident,injury crash,6/15/2010,HYDRAULIC RD,0.014030319
38.12312908,-78.44528986,29,Accident,injury crash,6/19/2010,SEMINOLE TRAIL,0.012304447
38.05502895,-78.43632398,20,Accident,injury crash,6/24/2010,STONY POINT ROAD,0.030377569
38.07332691,-78.40832762,20,Accident,injury crash,6/24/2010,STONY POINT RD,0.030377569
37.82883,-78.63646,6,Accident,property damage crash,5/27/2015,IRISH ROAD,0.022074779
38.11279287,-78.37107549,20,Accident,injury crash,7/3/2010,STONY POINT RD,0.030377569
38.04907312,-78.46708869,631,Accident,injury crash,7/5/2010,e rio rd,0.022779613
38.01679035,-78.76474477,692,Accident,fatal crash,7/10/2010,plank road,0.022813036
37.92188699,-78.68133384,29,Accident,property damage crash,7/10/2010,4530 MONACAN TRAIL RD,0.012304447
38.06419165,-78.46390667,631,Accident,property damage crash,7/11/2010,RIO RD E,0.022779613
38.10912644,-78.47866218,743,Accident,injury crash,7/13/2010,EARLYSVILLE RD,0.014030319
38.00748286,-78.50969435,631,Accident,property damage crash,7/24/2010,5TH STREET,0.022779613
38.00639928,-78.57376931,29,Accident,injury crash,7/24/2010,MONACAN TR,0.012304447
37.95031704,-78.40193894,729,Accident,property damage crash,7/31/2010,BUCK ISLAND RD,0.011018371
38.01193474,-78.39368432,250,Accident,property damage crash,8/27/2010,richmond rd,0.016825849
38.00789102,-78.47846847,20,Accident,property damage crash,8/28/2010,SCOTTSVILLE RD,0.030377569
38.1490222,-78.42398926,29,Accident,property damage crash,9/2/2010,SEMINOLE TR,0.012304447
38.0553477,-78.58180389,250,Accident,injury crash,9/5/2010,IVY RD,0.016825849
38.0030533,-78.52434724,631,Accident,property damage crash,9/22/2010,OLD LYNCHBURG RD,0.022779613
37.94955869,-78.533952,20,Accident,property damage crash,9/25/2010,SCOTTSVILLE RD,0.030377569
38.14488841,-78.46932583,743,Accident,fatal crash,10/4/2010,earlysville rd,0.014030319
38.06187736,-78.49159085,29,Accident,injury crash,10/27/2010,1900 emmet st,0.012304447
37.99561243,-78.350999,250,Accident,property damage crash,11/1/2010,richmond rd,0.016825849
38.08253305,-78.54315837,601,Accident,property damage crash,11/2/2010,1300 GAREH RD,0.017077528
38.00880131,-78.50807794,631,Accident,injury crash,11/12/2010,5TH ST,0.022779613
37.91093454,-78.54443083,20,Accident,property damage crash,11/25/2010,SCOTTSVILLE RD,0.030377569
38.08390722,-78.54371748,601,Accident,injury crash,11/28/2010,garth rd,0.017077528
38.10743691,-78.37812644,20,Accident,injury crash,12/13/2010,stony point rd,0.030377569
38.05106977,-78.55498555,250,Accident,injury crash,12/19/2010,3000X IVY RD,0.016825849
38.03029205,-78.44356174,250,Accident,injury crash,12/19/2010,RICHMOND RD,0.016825849
38.06187776,-78.4915905,29,Accident,injury crash,12/27/2010,1900N EMMET ST,0.012304447
37.97345682,-78.54506106,631,Accident,injury crash,1/3/2011,OLD LYNCHBURG RD 1400X,0.022779613
38.03030134,-78.44357992,250,Accident,injury crash,1/6/2011,RICHMOND ROAD,0.016825849
38.00518509,-78.51994343,631,Accident,property damage crash,1/22/2011,5TH ST EXTENDED,0.022779613
37.96030674,-78.52274623,20,Accident,property damage crash,1/23/2011,scottsville rd,0.030377569
38.04602698,-78.44412875,20,Accident,injury crash,1/28/2011,stony point rd,0.030377569
37.99083546,-78.40071908,729,Accident,property damage crash,2/3/2011,2400 block of milton rd,0.011018371
38.05108913,-78.5309483,250,Accident,property damage crash,2/8/2011,IVY RD,0.016825849
38.04647805,-78.52539301,29,Accident,property damage crash,3/7/2011,US 29 BYPASS,0.012304447
38.03459256,-78.4546727,20,Accident,property damage crash,3/9/2011,STONY POINT ROAD,0.030377569
38.07800759,-78.47122892,631,Accident,property damage crash,3/20/2011,RIO ROAD WEST,0.022779613
38.11251653,-78.47760832,743,Accident,injury crash,4/5/2011,earlysville rd,0.014030319
38.08285119,-78.40448768,20,Accident,injury crash,4/20/2011,STONY POINT ROAD,0.030377569
38.01254079,-78.74941612,692,Accident,property damage crash,4/21/2011,7332 PLANK RD,0.022813036
37.97873949,-78.40351761,729,Accident,property damage crash,4/22/2011,MILTON RD,0.011018371
38.05130152,-78.55937957,250,Accident,property damage crash,4/23/2011,IVY RD,0.016825849
37.91889541,-78.62625841,631,Accident,property damage crash,4/24/2011,OLD LYNCHBURG ROAD,0.022779613
38.16461338,-78.57284503,601,Accident,injury crash,5/13/2011,4700 / FREE UNION RD,0.017077528
38.16219181,-78.30402383,20,Accident,fatal crash,5/13/2011,STONY POINT ROAD,0.030377569
38.01610054,-78.42369527,250,Accident,injury crash,5/14/2011,RICHMOND RD,0.016825849
38.03207196,-78.44681607,250,Accident,property damage crash,5/14/2011,RICHMOND RD,0.016825849
38.10705228,-78.37905458,20,Accident,property damage crash,5/20/2011,STONY POINT RD,0.030377569
38.06219831,-78.49169806,743,Accident,injury crash,5/28/2011,HYDRAULIC RD,0.014030319
38.04812872,-78.44234997,20,Accident,injury crash,6/4/2011,stony point rd,0.030377569
38.0524319,-78.53985227,250,Accident,property damage crash,6/7/2011,ivy road,0.016825849
38.15436849,-78.56303878,601,Accident,property damage crash,6/11/2011,4286 FREE UNION RD,0.017077528
37.98156994,-78.54423559,631,Accident,property damage crash,6/21/2011,OLD LYNCHBURG RD,0.022779613
38.08366769,-78.47265907,29,Accident,injury crash,6/26/2011,SEMINOLE TRAIL,0.012304447
38.1117833,-78.45349465,29,Accident,property damage crash,6/26/2011,SEMINOLE TRAIL,0.012304447
37.87384268,-78.5526891,20,Accident,injury crash,7/4/2011,SCOTTSVILLE ROAD,0.030377569
38.09213385,-78.46776262,29,Accident,property damage crash,7/9/2011,SEMINOLE TRAIL,0.012304447
38.06109944,-78.4299256,20,Accident,injury crash,8/5/2011,STONY POINT ROAD,0.030377569
37.82364822,-78.52010325,20,Accident,property damage crash,8/7/2011,SCOTTSVILLE RD,0.030377569
38.00274366,-78.36413659,250,Accident,injury crash,8/21/2011,RICHMOND ROAD,0.016825849
38.03381854,-78.45305019,250,Accident,property damage crash,8/28/2011,RICHMOND ROAD,0.016825849
38.01395761,-78.39659024,250,Accident,injury crash,9/4/2011,RICHMOND RD,0.016825849
38.00619697,-78.51232409,631,Accident,property damage crash,9/5/2011,5TH STREET EXTENDED,0.022779613
37.99793407,-78.52912863,631,Accident,injury crash,9/8/2011,790 OLD LYNCHBURG ROAD,0.022779613
38.00007208,-78.52781279,631,Accident,property damage crash,9/11/2011,HICKORY STREET,0.022779613
38.10586135,-78.45739314,29,Accident,injury crash,9/15/2011,2575 SEMINOLE TRAIL,0.012304447
38.00388697,-78.36609601,250,Accident,property damage crash,10/7/2011,RICHMOND ROAD,0.016825849
38.07784528,-78.40439419,20,Accident,property damage crash,10/24/2011,stony point rd,0.030377569
38.05115299,-78.69887009,250,Accident,property damage crash,10/28/2011,ROCKFISH GAP TURNPIKE,0.016825849
38.1087927,-78.45543679,29,Accident,property damage crash,11/1/2011,SEMINOLE TRAIL,0.012304447
37.83497242,-78.5410178,20,Accident,property damage crash,11/1/2011,SCOTTSVILLE RD,0.030377569
38.03368246,-78.45508682,250,Accident,injury crash,11/4/2011,RIVERBEND DR,0.016825849
38.11222953,-78.45320485,29,Accident,injury crash,11/6/2011,SEMINOLE TRAIL,0.012304447
38.026839,-78.52872015,29,Accident,property damage crash,11/9/2011,STRIBLING AVE EXT,0.012304447
37.81980801,-78.51087196,20,Accident,injury crash,11/20/2011,SCOTTSVILLE RD,0.030377569
37.82570175,-78.60898972,6,Accident,injury crash,5/7/2010,INJHRD,0.022074779
38.11030734,-78.37311165,20,Accident,injury crash,12/4/2011,STONY POINT RD,0.030377569
38.1645021,-78.41412762,29,Accident,injury crash,12/8/2011,SEMINOLE TRAIL,0.012304447
38.08507133,-78.47745316,631,Accident,injury crash,12/19/2011,RIO RD WEST,0.022779613
37.9567477,-78.65923064,29,Accident,property damage crash,12/25/2011,MONACAN TRAIL ROAD,0.012304447
37.968197,-78.549846,631,Accident,property damage crash,1/5/2012,OLD LYNCHBURG ROAD,0.022779613
37.999206,-78.528354,631,Accident,injury crash,1/7/2012,OLD LYNCHBURG RD,0.022779613
38.062151,-78.491725,743,Accident,injury crash,1/7/2012,HYDRAULIC ROAD,0.014030319
38.099981,-78.481722,743,Accident,property damage crash,1/14/2012,EARLYSVILLE RD,0.014030319
37.995125,-78.582161,29,Accident,injury crash,1/17/2012,MONACAN TRAIL,0.012304447
37.983807,-78.710823,692,Accident,property damage crash,1/21/2012,PLANK RD,0.022813036
38.052475,-78.539804,250,Accident,property damage crash,1/23/2012,IVY ROAD,0.016825849
37.902045,-78.546946,20,Accident,property damage crash,2/3/2012,scottsville,0.030377569
38.042878,-78.446087,20,Accident,injury crash,2/5/2012,STONY POINT ROAD,0.030377569
38.063857,-78.463424,631,Accident,property damage crash,2/14/2012,RIO RD E,0.022779613
38.132142,-78.435266,29,Accident,injury crash,2/17/2012,seminole trail,0.012304447
37.986365,-78.589398,29,Accident,injury crash,2/18/2012,MONACAN TRL,0.012304447
38.086403,-78.543506,601,Accident,property damage crash,3/4/2012,GARTH ROAD,0.017077528
37.979466,-78.599135,29,Accident,property damage crash,3/5/2012,2198 MONACAN TRAIL,0.012304447
38.002959,-78.481454,20,Accident,property damage crash,3/16/2012,SCOTTTSVILLE ROAD,0.030377569
38.087684,-78.470364,29,Accident,property damage crash,3/23/2012,SEMINOLE TRIL,0.012304447
38.01575,-78.412208,250,Accident,property damage crash,3/24/2012,VDOT WAY,0.016825849
37.950003,-78.401693,729,Accident,injury crash,3/24/2012,BUCK ISLAND ROAD,0.011018371
38.10288,-78.459709,29,Accident,property damage crash,3/25/2012,2300X SEMINOLE TRAIL,0.012304447
38.005863,-78.47969,20,Accident,property damage crash,4/13/2012,scottsville rd,0.030377569
38.081757,-78.473832,29,Accident,injury crash,4/20/2012,SEMINOLE TRRT 29,0.012304447
38.017516,-78.543008,29,Accident,property damage crash,4/20/2012,669 GOLD EAGLE DRIVE,0.012304447
38.04847,-78.468373,631,Accident,property damage crash,4/21/2012,EAST RIO ROAD,0.022779613
38.098124,-78.482218,743,Accident,property damage crash,5/5/2012,EARLYSVILLE RD,0.014030319
37.869122,-78.556107,20,Accident,injury crash,5/5/2012,SCOTTSville rd,0.030377569
38.102554,-78.553785,601,Accident,injury crash,5/13/2012,GARTH RD,0.017077528
37.936804,-78.671193,29,Accident,injury crash,6/7/2012,MONACAN TRAIL,0.012304447
37.975895,-78.543687,631,Accident,property damage crash,6/9/2012,OLD LYNCHBURG ROAD,0.022779613
37.976936,-78.608251,29,Accident,property damage crash,6/10/2012,MONACAN TRAIL ROAD,0.012304447
38.166077,-78.468716,743,Accident,injury crash,6/15/2012,ADVANCE MILLS ROAD,0.014030319
38.082067,-78.491701,743,Accident,injury crash,7/13/2012,HYDRAULIC ROAD,0.014030319
38.021478,-78.431291,250,Accident,property damage crash,7/14/2012,RICHMOND ROAD,0.016825849
38.121136,-78.467421,743,Accident,property damage crash,7/18/2012,EARLYSVILLE ROAD,0.014030319
38.025069,-78.529585,29,Accident,injury crash,7/20/2012,250 BYPASS,0.012304447
38.025653,-78.529416,29,Accident,injury crash,7/20/2012,250 BYPASS,0.012304447
37.975916,-78.403819,729,Accident,injury crash,7/29/2012,2852 MILTON RD,0.011018371
37.981549,-78.506547,20,Accident,property damage crash,7/29/2012,SCOTTSVILLE RD,0.030377569
38.082782,-78.490621,743,Accident,property damage crash,7/30/2012,HYDRAULIC ROAD,0.014030319
38.055637,-78.59025,250,Accident,injury crash,8/3/2012,ivy rd,0.016825849
38.026645,-78.439034,250,Accident,injury crash,8/5/2012,RICHMOND ROAD,0.016825849
37.926355,-78.40578,729,Accident,injury crash,8/7/2012,BUCK ISLAND RD,0.011018371
37.979408,-78.545088,631,Accident,injury crash,8/10/2012,OLD LYNCHBURG ROAD,0.022779613
38.112824,-78.371232,20,Accident,property damage crash,8/18/2012,3827 STONY PT RD,0.030377569
38.061839,-78.491381,29,Accident,injury crash,8/19/2012,SEMINOLE TRAIL,0.012304447
38.070964,-78.49905,743,Accident,property damage crash,8/24/2012,HYDRAULIC ROAD,0.014030319
38.046283,-78.520848,250,Accident,injury crash,9/8/2012,IVY RD,0.016825849
38.067202,-78.466502,631,Accident,injury crash,9/19/2012,RIO RD EAST,0.022779613
38.033866,-78.453712,250,Accident,property damage crash,9/20/2012,RICHMOND RD,0.016825849
37.977798,-78.681244,692,Accident,property damage crash,9/28/2012,plank rd,0.022813036
37.950672,-78.402329,729,Accident,property damage crash,9/30/2012,BUCK ISLAND RD,0.011018371
38.067946,-78.415337,20,Accident,property damage crash,10/9/2012,STONY POINT ROAD,0.030377569
38.012763,-78.475797,20,Accident,property damage crash,10/10/2012,SCOTTSVILLE ROAD,0.030377569
37.970641,-78.679324,692,Accident,injury crash,10/26/2012,PLANK ROAD,0.022813036
37.923473,-78.548509,20,Accident,property damage crash,10/27/2012,4100 SCOTTSVILLE RD,0.030377569
37.914956,-78.549069,20,Accident,injury crash,10/28/2012,SCOTTSVILLE RD,0.030377569
38.061769,-78.428625,20,Accident,property damage crash,11/4/2012,X2100 STONY POINT ROAD,0.030377569
38.06466,-78.494016,743,Accident,property damage crash,11/10/2012,HYDRAULIC ROAD,0.014030319
38.061932,-78.64832,250,Accident,property damage crash,11/16/2012,ROUTE 250 WESTBOUND,0.016825849
38.050112,-78.709968,250,Accident,injury crash,12/2/2012,5900X ROCKFISH GAP NRN PIKE,0.016825849
38.079015,-78.404014,20,Accident,injury crash,12/6/2012,PROFFITT ROAD,0.030377569
37.98632,-78.401151,729,Accident,property damage crash,12/20/2012,MILTON RD,0.011018371
37.826481,-78.60541,6,Accident,fatal crash,3/29/2013,IRISH ROAD,0.022074779
38.055146,-78.570076,250,Accident,property damage crash,12/31/2012,IVY ROAD,0.016825849
37.82387,-78.59516,6,Accident,injury crash,11/4/2014,IRISH ROAD,0.022074779
38.058676,-78.433166,20,Accident,property damage crash,1/11/2013,STONY POINT ROAD,0.030377569
37.9715252,-78.61286309,29,Accident,property damage crash,1/13/2013,MONACAN TRAIL ROAD,0.012304447
37.94694948,-78.53503177,20,Accident,pedestrian injury crash,1/16/2013,SCOTTSVILLE RD,0.030377569
37.95354924,-78.66180087,29,Accident,injury crash,2/1/2013,MONACAN TRAIL ROAD,0.012304447
37.886031,-78.548593,20,Accident,injury crash,2/16/2013,SCOTTSVILLE RD,0.030377569
37.83798882,-78.5440405,20,Accident,injury crash,2/18/2013,SCOTTSVILLE RD,0.030377569
37.86497687,-78.55525425,20,Accident,property damage crash,2/27/2013,SCOTTSVILLE RD,0.030377569
38.088845,-78.490942,743,Accident,property damage crash,2/28/2013,1776 EARLYSVILLE ROAD,0.014030319
37.9399346,-78.66826153,29,Accident,property damage crash,3/4/2013,MONACAN TRAIL RD,0.012304447
37.872505,-78.553085,20,Accident,property damage crash,3/15/2013,SCOTTSVILLE RD,0.030377569
38.13726587,-78.32828976,20,Accident,property damage crash,3/20/2013,STONY POINT RD,0.030377569
38.15688813,-78.31001131,20,Accident,property damage crash,3/22/2013,5539 STONY POINT ROAD,0.030377569
38.069317,-78.413423,20,Accident,property damage crash,3/22/2013,STONY POINT ROAD,0.030377569
37.81360714,-78.55271545,6,Accident,injury crash,12/3/2011,IRISH RD,0.022074779
38.03219865,-78.44681329,250,Accident,property damage crash,4/4/2013,RICHMOND ROAD,0.016825849
38.073896,-78.480809,29,Accident,property damage crash,4/5/2013,seminole trail,0.012304447
38.048676,-78.464412,631,Accident,property damage crash,4/7/2013,e rio rd,0.022779613
38.09787903,-78.38529499,20,Accident,property damage crash,4/7/2013,STONY POINT RD,0.030377569
37.956729,-78.658866,29,Accident,injury crash,4/10/2013,monacan trail road,0.012304447
38.048355,-78.464852,631,Accident,property damage crash,4/13/2013,e. rio road,0.022779613
37.81296,-78.54876,6,Accident,property damage crash,4/26/2015,IRISH RD,0.022074779
38.02272,-78.782007,692,Accident,injury crash,4/19/2013,PLANK RD,0.022813036
38.04835813,-78.46475499,631,Accident,property damage crash,4/21/2013,400 block rio road east,0.022779613
38.06858,-78.497336,743,Accident,property damage crash,4/22/2013,HYDRAULIC ROAD,0.014030319
38.054499,-78.436559,20,Accident,injury crash,5/17/2013,STONY POINT ROAD,0.030377569
37.997729,-78.529223,631,Accident,property damage crash,5/22/2013,790 OLD LYNCHBURG RD,0.022779613
38.15892666,-78.41768005,29,Accident,property damage crash,6/7/2013,SEMINOLE TRAIL,0.012304447
38.18329975,-78.43935817,743,Accident,injury crash,6/14/2013,advance mills rd,0.014030319
38.01959306,-78.42984225,250,Accident,injury crash,6/23/2013,richmond rd,0.016825849
37.96677154,-78.62132471,29,Accident,injury crash,6/24/2013,MONACAN TRAIL,0.012304447
37.93498716,-78.54256341,20,Accident,property damage crash,6/27/2013,3300 blk scottsville rd,0.030377569
38.14451929,-78.55604928,601,Accident,injury crash,6/27/2013,FREE UNION RD,0.017077528
37.87145198,-78.55410306,20,Accident,injury crash,6/30/2013,SCOTTSVILLE RD,0.030377569
37.996019,-78.52849,631,Accident,injury crash,7/23/2013,OLD LYNCHBURG RD,0.022779613
37.956628,-78.659013,29,Accident,property damage crash,7/28/2013,MONACAN TRAIL,0.012304447
38.003035,-78.481424,20,Accident,injury crash,7/29/2013,1188 SCOTSVILLE RD,0.030377569
38.078694,-78.471955,631,Accident,injury crash,8/6/2013,EAST RIO ROAD,0.022779613
38.050779,-78.529093,250,Accident,injury crash,8/14/2013,ivy rd,0.016825849
37.812942,-78.50165,20,Accident,property damage crash,9/2/2013,SCOTTSVILLE ROAD,0.030377569
37.9252,-78.613968,631,Accident,injury crash,9/2/2013,OLD LYNCHBURG ROAD,0.022779613
37.982154,-78.709854,692,Accident,injury crash,9/11/2013,PLANK ROAD,0.022813036
38.062619,-78.492012,743,Accident,property damage crash,9/25/2013,HYDRAULIC ROAD,0.014030319
37.986921,-78.330844,250,Accident,injury crash,10/19/2013,RICHMOND RD,0.016825849
37.986773,-78.330146,250,Accident,injury crash,10/25/2013,RICHMOND ROAD,0.016825849
37.998677,-78.725078,692,Accident,property damage crash,11/3/2013,PLANK ROAD,0.022813036
38.065544,-78.495385,743,Accident,property damage crash,11/15/2013,HYDRAULIC RD,0.014030319
38.125875,-78.333333,20,Accident,property damage crash,11/17/2013,STONY POINT RD (4742),0.030377569
38.117098,-78.344001,20,Accident,property damage crash,11/17/2013,STONY POINT RD,0.030377569
38.062381,-78.491848,743,Accident,injury crash,11/19/2013,SEMINOLE TRAIL,0.014030319
38.096805,-78.464514,29,Accident,pedestrian injury crash,12/6/2013,SEMINOLE TRAIL,0.012304447
38.112254,-78.546032,601,Accident,property damage crash,12/17/2013,FREE UNION RD,0.017077528
38.06856,-78.467392,631,Accident,injury crash,12/24/2013,EAST RIO ROAD,0.022779613
38.081097,-78.474473,29,Accident,injury crash,12/26/2013,SEMINOLE TRAIL,0.012304447
37.902816,-78.693444,29,Accident,fatal crash,1/24/2014,MONACAN TRAIL ROAD,0.012304447
38.06898,-78.49785,743,Accident,injury crash,1/26/2014,2600 HYDRAULIC RD.,0.014030319
37.88428,-78.54897,20,Accident,property damage crash,1/28/2014,ROUTE 20 NORTH,0.030377569
38.09658,-78.5437,601,Accident,injury crash,1/29/2014,GARTH RD,0.017077528
38.06646,-78.41661,20,Accident,property damage crash,2/2/2014,STONY POINT ROAD,0.030377569
38.05818,-78.59963,250,Accident,property damage crash,2/10/2014,4372 IVY RD,0.016825849
38.18652742,-78.40005394,29,Accident,injury crash,2/11/2014,SEMINOLE TRAIL,0.012304447
38.11968,-78.44841,29,Accident,property damage crash,2/15/2014,SEMINOLE TRAIL,0.012304447
38.04522455,-78.72429083,250,Accident,injury crash,2/16/2014,ROCKFISH GAP TPK,0.016825849
37.95797,-78.52562,20,Accident,property damage crash,3/9/2014,SCOTTSVILLE RD,0.030377569
38.07993509,-78.53863161,601,Accident,property damage crash,3/13/2014,GARTH RD,0.017077528
38.11004,-78.47858,743,Accident,injury crash,3/15/2014,EARLYSVILLE ROAD,0.014030319
38.05121,-78.69829,250,Accident,property damage crash,4/13/2014,ROCKFISH GAP TPK,0.016825849
37.82403,-78.52111,20,Accident,property damage crash,4/27/2014,7610 SCOTTSVILLE ROAD,0.030377569
37.90389,-78.69292,29,Accident,injury crash,4/27/2014,MONACAN TRAIL,0.012304447
38.00761,-78.5095,631,Accident,property damage crash,4/27/2014,5TH STREET,0.022779613
37.92142,-78.54813,20,Accident,injury crash,5/5/2014,SCOTTSVILLE RD,0.030377569
37.97552,-78.54365,631,Accident,injury crash,5/18/2014,OLD LYNCHBURG ROAD,0.022779613
38.05787,-78.46124,631,Accident,property damage crash,6/15/2014,EAST RIO RD,0.022779613
38.00947,-78.50734,631,Accident,property damage crash,6/27/2014,5TH STREET,0.022779613
37.9961,-78.35192,250,Accident,injury crash,6/29/2014,RICHMOND RD,0.016825849
38.06139,-78.649,250,Accident,property damage crash,7/19/2014,ROCKFISH GAP TPKE,0.016825849
38.05604,-78.43587,20,Accident,injury crash,8/3/2014,STONY POINT RD,0.030377569
38.03407,-78.45721,250,Accident,property damage crash,8/11/2014,FREE BRIDGE LANE,0.016825849
38.03901,-78.82664,250,Accident,fatal crash,8/14/2014,ROCKFISH GAP TURNPIKE,0.016825849
37.88609,-78.54872,20,Accident,injury crash,8/22/2014,SCOTTSVILLE ROAD,0.030377569
38.13309,-78.43434,29,Accident,property damage crash,8/31/2014,3500 SEMINOLE TRAIL,0.012304447
37.99981,-78.58117,29,Accident,injury crash,9/7/2014,MONACAN TRAIL,0.012304447
38.01585,-78.40985,250,Accident,property damage crash,9/20/2014,2484 RICHMOND ROAD,0.016825849
38.05557,-78.59325,250,Accident,property damage crash,9/25/2014,IVY RD,0.016825849
37.97628,-78.54394,631,Accident,property damage crash,10/11/2014,OLD LYNCHBURG RD,0.022779613
37.94822,-78.56845,631,Accident,property damage crash,10/15/2014,OLD LYNCHBURG RD,0.022779613
38.07262,-78.41025,20,Accident,property damage crash,10/28/2014,STONEY POINT RD,0.030377569
38.01165,-78.55553,29,Accident,property damage crash,11/2/2014,MONICAN TRAIL,0.012304447
37.81098,-78.5409,6,Accident,injury crash,8/4/2015,IRISH ROAD,0.022074779
38.15683,-78.31004,20,Accident,injury crash,11/8/2014,STONY POINT ROAD,0.030377569
38.06487,-78.48887,29,Accident,injury crash,11/11/2014,SEMINOLE TRAIL,0.012304447
37.87229,-78.55319,20,Accident,property damage crash,11/16/2014,SCOTTSVILLE RD,0.030377569
38.00784,-78.50942,631,Accident,injury crash,11/25/2014,5TH STREET,0.022779613
37.809016,-78.530554,6,Accident,property damage crash,12/30/2012,830 irish rd,0.022074779
37.99492,-78.52905,631,Accident,property damage crash,12/10/2014,OLD LYNCHBURG RD,0.022779613
38.04491,-78.51609,250,Accident,property damage crash,12/13/2014,IVY RD,0.016825849
37.9339,-78.40172,729,Accident,injury crash,12/14/2014,BUCK ISLAND RD,0.011018371
38.06048,-78.61173,250,Accident,property damage crash,12/18/2014,4800 X IVY ROAD,0.016825849
38.06007,-78.53347,601,Accident,property damage crash,12/19/2014,OLD GARTH RD,0.017077528
38.09697,-78.48431,743,Accident,property damage crash,12/20/2014,EARLYSVILLE RD,0.014030319
38.09501,-78.54289,601,Accident,property damage crash,12/25/2014,GARTH RD,0.017077528
37.96829,-78.63808,29,Accident,property damage crash,12/27/2014,MONACAN TRAIL,0.012304447
38.15881,-78.41776,29,Accident,property damage crash,1/10/2015,SEMINOLE TRAIL,0.012304447
37.98171,-78.40343,729,Accident,injury crash,1/17/2015,2700 X MILTON ROAD,0.011018371
38.05521,-78.51612,250,Accident,property damage crash,1/30/2015,250 BYPASS,0.016825849
38.06332636,-78.49232102,743,Accident,property damage crash,2/13/2015,HYDRAULIC ROAD,0.014030319
38.11177,-78.54606,601,Accident,property damage crash,2/14/2015,FREE UNION RD,0.017077528
38.08161285,-78.47394455,29,Accident,property damage crash,2/28/2015,SEMINOLE TRAIL AT RIO RD,0.012304447
38.12731,-78.54807,601,Accident,injury crash,3/2/2015,FREE UNION ROAD,0.017077528
37.8273,-78.52768,20,Accident,property damage crash,3/7/2015,SCOTTSVILLE RD,0.030377569
38.01628,-78.42472,250,Accident,property damage crash,3/15/2015,RICHMOND RD,0.016825849
37.99805,-78.48511,20,Accident,property damage crash,3/17/2015,SCOTTSVILLE RD.,0.030377569
38.09012,-78.49164,743,Accident,property damage crash,3/21/2015,EARLYSVILLE RD,0.014030319
38.05891,-78.46138,631,Accident,property damage crash,3/26/2015,800 RIO RD EAST,0.022779613
37.86575,-78.73157,29,Accident,property damage crash,4/13/2015,MONACAN TRL RD,0.012304447
37.921,-78.6253,631,Accident,property damage crash,4/15/2015,4131 OLD LYNCHBURG RD.,0.022779613
38.0615,-78.64886,250,Accident,injury crash,4/18/2015,ROCKFISH GAP TRNPK,0.016825849
37.808973,-78.530317,6,Accident,injury crash,4/13/2013,IRISH ROAD,0.022074779
37.87902,-78.55076,20,Accident,injury crash,4/30/2015,SCOTTSVILLE ROAD,0.030377569
37.99312,-78.53132,631,Accident,property damage crash,5/3/2015,OLD LYNCHBURG RD,0.022779613
38.14665,-78.42545,29,Accident,property damage crash,5/14/2015,SEMINOLE TRAIL N,0.012304447
37.80910215,-78.53120165,6,Accident,injury crash,6/26/2010,900 IRISH ROAD,0.022074779
38.06471,-78.49418,743,Accident,injury crash,5/30/2015,HYDRAULIC RD,0.014030319
37.9569,-78.52654,20,Accident,injury crash,6/7/2015,SCOTTSVILLE ROAD,0.030377569
37.92208,-78.6812,29,Accident,property damage crash,6/21/2015,MONACAN TRAIL ROAD,0.012304447
38.05102,-78.53104,250,Accident,property damage crash,6/23/2015,IVY ROA,0.016825849
37.96874,-78.51538,20,Accident,property damage crash,6/28/2015,SCOTTSVILLE RD,0.030377569
37.86509,-78.55512,20,Accident,injury crash,7/7/2015,SCOTTSVILLE RD,0.030377569
38.07384,-78.48079,29,Accident,fatal crash,7/21/2015,SEMINOLE TRAIL,0.012304447
37.804258,-78.498432,6,Accident,injury crash,1/6/2013,VALLEY ST,0.022074779
37.96784,-78.61639,29,Accident,property damage crash,8/13/2015,MONACAN TRL,0.012304447
38.09866,-78.48208,743,Accident,property damage crash,8/15/2015,EARLYSVILLE RD,0.014030319
38.02741,-78.43956,250,Accident,property damage crash,8/18/2015,RICHMOND RD,0.016825849
37.91761,-78.68409,29,Accident,property damage crash,8/22/2015,MONACAN TRAIL ROAD,0.012304447
37.90315,-78.69311,29,Accident,injury crash,8/25/2015,MONICAN TRAIL RD,0.012304447
38.05569,-78.53063,601,Accident,injury crash,8/27/2015,OLD GARTH RD,0.017077528
37.96044,-78.55878,631,Accident,property damage crash,9/24/2015,OLD LYNCHBURG RD,0.022779613
38.09374,-78.48626,743,Accident,property damage crash,9/29/2015,EARLYSVILLE ROAD,0.014030319
37.98172743,-78.5441677,631,Accident,property damage crash,10/5/2015,OLD LYNCHBURG ROAD,0.022779613
38.00542,-78.52009,631,Accident,injury crash,10/15/2015,OLD LYNCHBURG RD,0.022779613
37.93845,-78.58968,631,Accident,property damage crash,10/16/2015,OLD LYNCHBURG ROAD,0.022779613
38.01957,-78.42946,250,Accident,fatal crash,10/26/2015,RICHMOND ROAD,0.016825849
38.02548,-78.52939,29,Accident,property damage crash,11/10/2015,RTE 250 BYPASS,0.012304447
38.07468,-78.40591,20,Accident,property damage crash,11/12/2015,2600 X STONY POINT ROAD,0.030377569
38.07005,-78.48425,29,Accident,injury crash,11/26/2015,SEMINOLE TRAIL,0.012304447
37.9221,-78.61831,631,Accident,injury crash,12/4/2015,OLD LYNCHBURG RD,0.022779613
38.04874,-78.7167,250,Accident,injury crash,12/4/2015,ROCKFISH GAP TPK,0.016825849
37.9712,-78.51285,20,Accident,injury crash,12/8/2015,SCOTTSVILLE ROAD,0.030377569
38.00263,-78.40023,729,Accident,property damage crash,12/17/2015,MILTON ROAD,0.011018371
38.06483,-78.49433,743,Accident,property damage crash,12/24/2015,HYDRAULIC ROAD,0.014030319
38.05174,-78.67142,250,Accident,property damage crash,12/24/2015,ROCKFISH GAP TPKE,0.016825849
37.98692,-78.33081,250,Accident,property damage crash,12/31/2015,RICHMOND ROAD,0.016825849
38.064858,-78.486451,29,Arrest,,2/18/2015,0 SEMINOLE TRL,0.012304447
37.944892,-78.535532,20,Arrest,,6/7/2010,100 SCOTTSVILLE RD,0.030377569
38.03928,-78.469878,29,Arrest,,11/8/2012,100 250 BYPASS,0.012304447
37.809133,-78.501964,20,Arrest,,6/18/2014,100 SCOTTSVILLE CTR,0.030377569
37.809133,-78.501964,20,Arrest,,12/9/2012,100 SCOTTSVILLE CTR,0.030377569
37.801173,-78.496531,795,Arrest,,9/24/2015,100 HARDWARE ST,0.027658537
37.801173,-78.496531,795,Arrest,,9/24/2015,100 HARDWARE ST,0.027658537
37.809133,-78.501964,20,Arrest,,4/28/2015,100 SCOTTSVILLE CTR,0.030377569
37.809133,-78.501964,20,Arrest,,4/14/2011,100 SCOTTSVILLE CTR,0.030377569
37.809133,-78.501964,20,Arrest,,7/12/2014,100 SCOTTSVILLE CENTER,0.030377569
37.804661,-78.496352,795,Arrest,,2/2/2016,200 HARDWARE ST,0.027658537
37.798112,-78.494756,20,Arrest,,8/8/2015,200 VALLEY ST,0.030377569
37.798112,-78.494756,20,Arrest,,6/11/2016,200 VALLEY ST,0.030377569
37.798833,-78.495138,20,Arrest,,1/3/2016,300 VALLEY ST,0.030377569
37.798833,-78.495138,20,Arrest,,6/4/2015,300 VALLEY ST,0.030377569
37.798833,-78.495138,20,Arrest,,11/27/2010,300 VALLEY ST,0.030377569
37.807458,-78.494805,795,Arrest,,1/11/2015,300 HARDWARE ST,0.027658537
38.047,-78.470037,631,Arrest,,4/21/2013,400 E RIO RD,0.022779613
38.047,-78.470037,631,Arrest,,11/25/2010,400 RIO RD E,0.022779613
38.087427,-78.483312,631,Arrest,,5/14/2014,500 W RIO RD,0.022779613
38.097049,-78.458011,29,Arrest,,10/6/2010,500 MONACAN TR,0.012304447
38.030794,-78.505052,20,Arrest,,12/6/2014,500 VALLEY ST,0.030377569
38.086237,-78.47844,631,Arrest,,2/17/2016,600 W RIO RD,0.022779613
38.000562,-78.527558,631,Arrest,,5/22/2013,700 OLD LYNCHBURG RD,0.022779613
38.003784,-78.481111,20,Arrest,,8/28/2010,800 SCOTTSVILLE RD,0.030377569
37.994331,-78.529789,631,Arrest,,3/31/2010,800 OLD LYNCHBURG RD,0.022779613
37.994331,-78.529789,631,Arrest,,7/24/2013,800 OLD LYNCHBURG RD,0.022779613
37.809287,-78.532288,6,Arrest,,6/26/2010,900 IRISH RD,0.022074779
38.011726,-78.394594,729,Arrest,,8/18/2012,900 N MILTON RD,0.011018371
38.011726,-78.394594,729,Arrest,,3/26/2011,900 N MILTON RD,0.011018371
38.011726,-78.394594,729,Arrest,,4/11/2010,900 N MILTON RD,0.011018371
37.99165,-78.533337,631,Arrest,,4/7/2010,900 OLD LYNCHBURG RD,0.022779613
38.062589,-78.463737,631,Arrest,,2/14/2012,1000 RIO RD E,0.022779613
38.062589,-78.463737,631,Arrest,,7/5/2015,1000 RIO RD,0.022779613
38.062589,-78.463737,631,Arrest,,8/14/2010,1000 RIO ROD E,0.022779613
38.062589,-78.463737,631,Arrest,,8/4/2013,1000 E RIO RD,0.022779613
38.050266,-78.502484,29,Arrest,,10/1/2013,1000 EMMET ST N,0.012304447
38.062589,-78.463737,631,Arrest,,12/10/2012,1000 E RIO RD,0.022779613
38.062589,-78.463737,631,Arrest,,8/19/2012,1000 E RIO RD,0.022779613
38.062589,-78.463737,631,Arrest,,2/17/2015,1000 E RIO RD,0.022779613
38.066721,-78.487546,29,Arrest,,2/8/2012,1100 SEMINOLE TR,0.012304447
38.066721,-78.487546,29,Arrest,,11/11/2014,1100 SEMINOLE TR,0.012304447
37.984102,-78.305106,250,Arrest,,3/18/2014,1100 RICHMOND RD,0.016825849
37.984102,-78.305106,250,Arrest,,5/3/2015,1100 RICHMOND RD,0.016825849
38.01713,-78.497806,631,Arrest,,10/12/2011,1100 5TH ST SW,0.022779613
38.01713,-78.497806,631,Arrest,,7/23/2011,1100 5TH ST SW,0.022779613
38.01713,-78.497806,631,Arrest,,4/28/2013,1100 5TH ST SW,0.022779613
37.984102,-78.305106,250,Arrest,,6/27/2012,1100 RICHMOND RD,0.016825849
37.984102,-78.305106,250,Arrest,,7/26/2016,1100 RICHMOND RD,0.016825849
38.00196,-78.481927,20,Arrest,,12/27/2016,1100 SCOTTSVILLE RD,0.030377569
37.984102,-78.305106,250,Arrest,,1/31/2015,1100 RICHMOND RD,0.016825849
37.984102,-78.305106,250,Arrest,,7/25/2011,1100 RICHMOND RD,0.016825849
37.984102,-78.305106,250,Arrest,,10/9/2016,1100 RICHMOND RD,0.016825849
37.984102,-78.305106,250,Arrest,,8/14/2010,1100 RICHMOND RD,0.016825849
38.009132,-78.506396,631,Arrest,,4/20/2010,1200 5TH ST EXT,0.022779613
38.009132,-78.506396,631,Arrest,,11/12/2013,1200 5TH ST EXT,0.022779613
38.034003,-78.455001,20,Arrest,,6/16/2010,1200 STONY POINT RD,0.030377569
38.069366,-78.485212,29,Arrest,,5/4/2015,1200 SEMINOLE TR,0.012304447
38.069366,-78.485212,29,Arrest,,12/15/2011,1200 SEMINOLE TR,0.012304447
38.033862,-78.454787,250,Arrest,,9/20/2012,1200 RICHMOND RD,0.016825849
38.005364,-78.516656,631,Arrest,,4/27/2014,1300 5TH ST EXT,0.022779613
38.007245,-78.571186,29,Arrest,,3/18/2011,1300 MONACAN TR,0.012304447
38.034309,-78.450465,250,Arrest,,8/28/2011,1300 RICHMOND RD,0.016825849
38.071872,-78.468218,631,Arrest,,7/26/2013,1300 E RIO RD,0.022779613
38.035221,-78.454329,20,Arrest,,10/19/2012,1300 STONY POINT RD,0.030377569
38.034309,-78.450465,250,Arrest,,6/25/2016,1300 RICHMOND RD,0.016825849
38.035221,-78.454329,20,Arrest,,10/2/2014,1300 STONY POINT RD,0.030377569
38.005364,-78.516656,631,Arrest,,3/9/2010,1400 5TH ST EXT,0.022779613
38.0061,-78.512073,631,Arrest,,10/10/2012,1400 5TH ST,0.022779613
38.074786,-78.468119,631,Arrest,,2/8/2014,1400 E RIO RD,0.022779613
38.036358,-78.452968,20,Arrest,,7/31/2010,1400 STONY POINT RD,0.030377569
38.033091,-78.447152,250,Arrest,,4/5/2013,1400 RICHMOND RD,0.016825849
38.05597,-78.496342,29,Arrest,,10/12/2014,1400 N EMMET ST,0.012304447
37.864789,-78.555586,692,Arrest,,10/14/2012,1400 PLANK RD,0.022813036
37.993312,-78.489191,20,Arrest,,6/26/2011,1400 SCOTTSVILLE RD,0.030377569
38.076873,-78.478472,29,Arrest,,4/3/2011,1400 SEMINOLE TRL,0.012304447
38.033091,-78.447152,250,Arrest,,1/4/2015,1400 RICHMOND RD,0.016825849
38.077208,-78.471074,631,Arrest,,2/20/2010,1500 E RIO RD,0.022779613
38.078005,-78.477459,29,Arrest,,1/1/2010,1500 SEMINOLE TR,0.012304447
38.005364,-78.516656,631,Arrest,,4/8/2014,1500 5TH ST EXT,0.022779613
38.040614,-78.446592,20,Arrest,,2/5/2012,1500 STONY POINT RD,0.030377569
38.040614,-78.446592,20,Arrest,,6/15/2013,1500 STONY POINT RD,0.030377569
38.078005,-78.477459,29,Arrest,,2/12/2015,1500 SEMINOLE TR,0.012304447
38.078005,-78.477459,29,Arrest,,1/25/2014,1500 SEMINOLE TR,0.012304447
38.078005,-78.477459,29,Arrest,,7/23/2011,1500 SEMINOLE TR,0.012304447
38.078005,-78.477459,29,Arrest,,3/16/2016,1500 SEMINOLE TR,0.012304447
38.080596,-78.475558,29,Arrest,,4/20/2013,1600 SEMINOLE TR,0.012304447
38.005364,-78.516656,631,Arrest,,3/17/2011,1600 5TH ST EXT,0.022779613
38.005364,-78.516656,631,Arrest,,2/4/2015,1600 5TH ST EXT,0.022779613
38.005364,-78.516656,631,Arrest,,1/22/2011,1600 5TH ST EXT,0.022779613
38.080596,-78.475558,29,Arrest,,2/26/2013,1600 SEMINOLE TR,0.012304447
38.077766,-78.474504,631,Arrest,,6/13/2011,1600 E RIO RD,0.022779613
38.005364,-78.516656,631,Arrest,,3/8/2010,1600 5TH ST EXT,0.022779613
38.044276,-78.445575,20,Arrest,,10/24/2010,1600 STONY POINT RD,0.030377569
38.009952,-78.506214,631,Arrest,,12/17/2010,1600 5TH ST SW,0.022779613
38.077766,-78.474504,631,Arrest,,10/31/2011,1600 RIO RD E,0.022779613
38.077766,-78.474504,631,Arrest,,1/18/2015,1600 E RIO RD,0.022779613
38.077766,-78.474504,631,Arrest,,12/5/2013,1600 E RIO RD,0.022779613
37.967442,-78.551883,631,Arrest,,1/1/2013,1600 OLD LYNCHBURG RD,0.022779613
38.080596,-78.475558,29,Arrest,,12/21/2011,1600 SEMINOLE TR,0.012304447
38.080596,-78.475558,29,Arrest,,4/2/2011,1600 SEMINOLE TRAIL,0.012304447
38.080596,-78.475558,29,Arrest,,5/6/2015,1600 SEMINOLE TR,0.012304447
38.086629,-78.490675,743,Arrest,,2/28/2013,1700 EARLYSVILLE RD,0.014030319
37.989475,-78.443051,795,Arrest,,6/7/2014,1700 JAMES MONROE PKWY,0.027658537
38.086629,-78.490675,743,Arrest,,3/21/2015,1700 EARLYSVILLE RD,0.014030319
38.085918,-78.47135,29,Arrest,,4/22/2011,1800 SEMINOLE TR,0.012304447
38.085918,-78.47135,29,Arrest,,9/3/2016,1800 SEMINOLE TRL,0.012304447
38.059867,-78.493149,29,Arrest,,5/7/2010,1800 EMMET ST,0.012304447
38.004435,-78.410402,729,Arrest,,4/17/2013,1800 MILTON RD,0.011018371
38.085918,-78.47135,29,Arrest,,6/12/2010,1800 SEMINOLE TRAIL,0.012304447
38.052028,-78.439715,20,Arrest,,6/24/2010,1800 STONY POINT RD,0.030377569
38.060641,-78.492567,29,Arrest,,6/15/2014,1900 EMMET ST N,0.012304447
38.060641,-78.492567,29,Arrest,,7/14/2010,1900 EMMETT ST,0.012304447
38.054711,-78.436474,20,Arrest,,8/5/2011,1900 STONY POINT RD,0.030377569
37.983914,-78.504302,20,Arrest,,9/3/2010,1900 SCOTTSVILLE RD,0.030377569
38.020565,-78.430328,250,Arrest,,1/29/2010,2000 RICHMOND RD,0.016825849
38.062525,-78.49173,743,Arrest,,10/23/2010,2000 HYDRAULIC RD,0.014030319
38.062525,-78.49173,743,Arrest,,12/24/2010,2000 HYDRAULIC RD,0.014030319
38.093628,-78.486357,743,Arrest,,9/19/2015,2000 EARLYSVILLE RD,0.014030319
38.093628,-78.486357,743,Arrest,,8/6/2010,2000 EARLYSVILLE RD,0.014030319
38.006122,-78.402635,729,Arrest,,5/17/2014,2000 MILTON RD,0.011018371
38.062525,-78.49173,743,Arrest,,1/3/2011,2000 HYDRAULIC RD,0.014030319
38.102559,-78.553857,601,Arrest,,12/29/2011,2000 GARTH RD,0.017077528
38.020565,-78.430328,250,Arrest,,10/21/2016,2000 RICHMOND RD,0.016825849
37.9807,-78.597299,29,Arrest,,4/12/2011,2100 MONACAN TRL,0.012304447
38.093751,-78.467144,29,Arrest,,2/17/2012,2100 SEMINOLE TR,0.012304447
38.018193,-78.42703,250,Arrest,,3/2/2011,2100 RICHMOND RD,0.016825849
38.018193,-78.42703,250,Arrest,,2/21/2016,2100 RICHMOND RD,0.016825849
38.002634,-78.400191,729,Arrest,,2/16/2012,2100 MILTON RD,0.011018371
38.064271,-78.493463,743,Arrest,,12/27/2015,2200 HYDRAULIC RD,0.014030319
38.096441,-78.464879,29,Arrest,,3/12/2011,2200 SEMINOLE TR,0.012304447
38.097794,-78.46345,29,Arrest,,2/15/2011,2200 SEMINOLE LN,0.012304447
38.016547,-78.426024,250,Arrest,,3/15/2015,2200 RICHMOND RD,0.016825849
38.016547,-78.426024,250,Arrest,,6/23/2013,2200 RICHMOND RD,0.016825849
38.098416,-78.482126,743,Arrest,,8/15/2015,2200 EARLYSVILLE RD,0.014030319
37.975767,-78.512025,20,Arrest,,3/26/2013,2200 SCOTTSVILLE RD,0.030377569
38.099776,-78.462219,29,Arrest,,2/9/2012,2300 SEMINOLE TR,0.012304447
38.015896,-78.422018,250,Arrest,,7/30/2010,2300 RICHMOND RD,0.016825849
38.06461,-78.421137,20,Arrest,,4/3/2011,2300 STONY POINT RD,0.030377569
38.065379,-78.495112,743,Arrest,,1/6/2011,2400 HYDRAULIC RD,0.014030319
38.047622,-78.523974,250,Arrest,,8/4/2011,2400 IVY RD,0.016825849
38.065379,-78.495112,743,Arrest,,8/8/2010,2400 HYDRAULIC RD,0.014030319
38.047622,-78.523974,250,Arrest,,12/6/2014,2400 IVY RD,0.016825849
38.015483,-78.417808,250,Arrest,,5/14/2014,2400 RICHMOND RD,0.016825849
37.905836,-78.544015,20,Arrest,,6/9/2012,2400 SCOTTSVILLE RD,0.030377569
38.066736,-78.496417,743,Arrest,,5/7/2012,2500 HYDRAULIC RD,0.014030319
37.987285,-78.402098,729,Arrest,,2/3/2011,2500 MILTON RD,0.011018371
38.105352,-78.480015,743,Arrest,,10/13/2013,2500 EARLYSVILLE RD,0.014030319
37.987285,-78.402098,729,Arrest,,12/21/2012,2500 MILTON RD,0.011018371
37.82158,-78.590302,6,Arrest,,11/4/2014,2500 IRISH RD,0.022074779
38.099776,-78.462219,29,Arrest,,9/15/2011,2500 SEMINOLE TR,0.012304447
38.015667,-78.410787,250,Arrest,,6/16/2013,2600 RICHMOND RD,0.016825849
38.068403,-78.497272,743,Arrest,,8/7/2010,2600 HYDRAULIC RD,0.014030319
38.05126,-78.53198,250,Arrest,,9/25/2012,2600 IVY RD,0.016825849
38.074764,-78.405713,20,Arrest,,10/24/2011,2600 STONY POINT RD,0.030377569
38.106687,-78.551493,601,Arrest,,8/13/2016,2600 FREE UNION RD,0.017077528
38.068403,-78.497272,743,Arrest,,1/26/2014,2600 HYDRAULIC RD,0.014030319
38.068403,-78.497272,743,Arrest,,1/15/2012,2600 HYDRAULIC RD,0.014030319
38.097036,-78.457326,29,Arrest,,6/24/2013,2700 MONACAN TR,0.012304447
38.112577,-78.47756,743,Arrest,,3/16/2014,2700 EARLYSVILLE RD,0.014030319
38.112577,-78.47756,743,Arrest,,10/11/2014,2700 EARLYSVILLE RD,0.014030319
37.824988,-78.599193,6,Arrest,,6/14/2015,2700 IRISH RD,0.022074779
38.071319,-78.498482,743,Arrest,,10/21/2012,2700 HYDRAULIC RD,0.014030319
38.071319,-78.498482,743,Arrest,,9/27/2014,2700 HYDRAULIC RD,0.014030319
38.112577,-78.47756,743,Arrest,,9/20/2014,2700 EARLYSVILLE RD,0.014030319
38.104332,-78.582387,601,Arrest,,8/20/2012,2700 GARTH RD,0.017077528
38.113309,-78.452842,29,Arrest,,11/8/2010,2800 SEMINOLE TR,0.012304447
38.050847,-78.550406,250,Arrest,,10/27/2010,2800 IVY RD,0.016825849
38.104185,-78.585557,601,Arrest,,7/22/2016,2800 GARTH RD,0.017077528
38.11601,-78.451076,29,Arrest,,10/16/2011,2900 SEMINOLE TR,0.012304447
38.015841,-78.399941,250,Arrest,,7/27/2013,2900 RICHMOND RD,0.016825849
37.97422,-78.405172,729,Arrest,,12/9/2015,2900 MILTON RD,0.011018371
37.967305,-78.627872,29,Arrest,,3/13/2015,2900 MONACAN TR RD,0.012304447
38.097026,-78.457265,29,Arrest,,11/22/2013,2900 MONACAN TR,0.012304447
38.050784,-78.549367,250,Arrest,,3/26/2012,2900 IVY RD,0.016825849
38.080366,-78.49382,743,Arrest,,7/13/2012,2900 HYDRAULIC RD,0.014030319
38.01395,-78.396578,250,Arrest,,1/8/2016,3000 RICHMOND RD,0.016825849
38.05096,-78.552151,250,Arrest,,1/19/2011,3000 IVY RD,0.016825849
38.01395,-78.396578,250,Arrest,,7/12/2015,3000 RICHMOND RD,0.016825849
37.968033,-78.634245,29,Arrest,,6/12/2015,3000 MONACAN TR RD,0.012304447
38.05096,-78.552151,250,Arrest,,6/10/2015,3000 IVY RD,0.016825849
38.05096,-78.552151,250,Arrest,,2/20/2010,3000 IVY RD,0.016825849
38.023104,-78.534715,29,Arrest,,4/17/2010,3100 FONTAINE AVE EXT,0.012304447
37.90636,-78.543597,20,Arrest,,7/22/2011,3100 SCOTTSVILLE RD,0.030377569
37.90636,-78.543597,20,Arrest,,11/9/2014,3100 SCOTTSVILLE RD,0.030377569
37.90636,-78.543597,20,Arrest,,11/21/2010,3100 SCOTTSVILLE RD,0.030377569
37.925637,-78.612204,631,Arrest,,4/24/2011,3100 OLD LYNCHBURG RD,0.022779613
38.123487,-78.445253,29,Arrest,,9/7/2010,3200 SEMINOLE TR,0.012304447
38.123487,-78.445253,29,Arrest,,11/12/2011,3200 SEMINOLE TRL,0.012304447
38.123487,-78.445253,29,Arrest,,6/19/2010,3200 SEMINOLE TR,0.012304447
37.923734,-78.616053,631,Arrest,,12/5/2015,3200 OLD LYNCHBURG RD,0.022779613
38.010504,-78.386227,250,Arrest,,1/27/2012,3300 RICHMOND RD,0.016825849
38.105575,-78.606196,601,Arrest,,10/5/2013,3300 GARTH RD,0.017077528
38.010504,-78.386227,250,Arrest,,9/28/2015,3300 RICHMOND RD,0.016825849
38.13314,-78.45861,743,Arrest,,8/8/2011,3300 EARLYSVILLE RD,0.014030319
38.127805,-78.446168,29,Arrest,,1/28/2012,3400 SEMINOLE TR,0.012304447
38.127805,-78.446168,29,Arrest,,11/9/2011,3400 SEMINOLE TR,0.012304447
38.127805,-78.446168,29,Arrest,,9/4/2012,3400 SEMINOLE TR,0.012304447
38.127805,-78.446168,29,Arrest,,10/22/2012,3400 SEMINOLE TR,0.012304447
38.127805,-78.446168,29,Arrest,,11/5/2011,3400 SEMINOLE TR,0.012304447
38.127805,-78.446168,29,Arrest,,9/9/2016,3400 SEMINOLE TR,0.012304447
38.127805,-78.446168,29,Arrest,,12/27/2011,3400 SEMINOLE TR,0.012304447
38.127805,-78.446168,29,Arrest,,10/24/2010,3400 SEMINOLE TRL,0.012304447
38.054703,-78.568254,250,Arrest,,1/24/2010,3500 IVY RD,0.016825849
38.132424,-78.435346,29,Arrest,,6/12/2010,3500 SEMINOLE TR,0.012304447
37.938686,-78.539529,20,Arrest,,7/6/2013,3500 SCOTTSVILLE RD,0.030377569
37.918651,-78.635082,692,Arrest,,5/11/2012,3600 PLANK RD,0.022813036
38.10607,-78.380476,20,Arrest,,12/22/2010,3600 STONY POINT RD,0.030377569
38.05536,-78.574565,250,Arrest,,9/18/2010,3700 IVY RD,0.016825849
38.143981,-78.467661,743,Arrest,,8/9/2015,3700 EARLYSVILLE RD,0.014030319
38.055363,-78.578376,250,Arrest,,9/6/2010,3800 IVY RD,0.016825849
38.145805,-78.471078,743,Arrest,,3/21/2011,3800 EARLYSVILLE RD,0.014030319
38.110935,-78.37261,20,Arrest,,7/3/2010,3800 STONY POINT RD,0.030377569
38.110702,-78.622464,601,Arrest,,7/7/2012,3800 GARTH RD,0.017077528
38.110935,-78.37261,20,Arrest,,8/22/2015,3800 STONEY POINT RD,0.030377569
38.110935,-78.37261,20,Arrest,,10/30/2014,3800 STONY POINT RD,0.030377569
38.003165,-78.36488,250,Arrest,,1/2/2014,3900 RICHMOND RD,0.016825849
38.143443,-78.428625,29,Arrest,,6/3/2014,3900 SEMINOLE TR,0.012304447
38.146415,-78.425951,29,Arrest,,5/14/2015,4000 SEMINOLE TR,0.012304447
37.937867,-78.637894,692,Arrest,,10/19/2014,4100 PLANK RD,0.022813036
38.055655,-78.594039,250,Arrest,,11/30/2014,4200 IVY RD,0.016825849
37.940831,-78.637129,692,Arrest,,4/4/2015,4200 PLANK RD,0.022813036
38.055655,-78.594039,250,Arrest,,6/15/2014,4200 IVY RD,0.016825849
38.05627,-78.596,250,Arrest,,1/4/2011,4200 IVY RD (TODDSBURY OF IVY),0.016825849
38.155659,-78.420073,29,Arrest,,5/19/2013,4300 SEMINOLE TR,0.012304447
38.155659,-78.420073,29,Arrest,,8/21/2016,4300 SEMINOLE TR,0.012304447
38.059452,-78.654248,250,Arrest,,7/19/2014,4300 ROCKFISH GAP TNPK,0.016825849
38.09698,-78.457083,29,Arrest,,6/8/2010,4300 MONACAN TR,0.012304447
38.09698,-78.457083,29,Arrest,,1/20/2010,4500 MONACAN TR,0.012304447
37.907368,-78.542979,20,Arrest,,11/25/2010,4600 SCOTTSVILLE RD,0.030377569
38.117469,-78.657684,601,Arrest,,7/11/2012,4600 GARTH RD,0.017077528
37.956896,-78.649334,692,Arrest,,4/17/2010,4700 PLANK RD,0.022813036
38.060621,-78.611093,250,Arrest,,5/1/2011,4800 IVY RD,0.016825849
38.060621,-78.611093,250,Arrest,,5/15/2014,4800 IVY RD,0.016825849
38.172881,-78.409096,29,Arrest,,4/26/2014,4900 SEMINOLE TR,0.012304447
38.172881,-78.409096,29,Arrest,,11/10/2013,4900 SEMINOLE TR,0.012304447
38.174585,-78.452167,743,Arrest,,7/14/2013,5200 ADVANCE MUILLS RD,0.014030319
38.188019,-78.573466,601,Arrest,,9/5/2011,5500 FREE UNION RD,0.017077528
38.189998,-78.398078,29,Arrest,,8/1/2013,5500 SEMINOLE TR,0.012304447
38.050988,-78.705451,250,Arrest,,3/14/2010,5900 ROCKFISH GAP TNPK,0.016825849
37.869483,-78.555967,20,Arrest,,7/3/2014,5900 SCOTTSVILLE RD,0.030377569
37.869483,-78.555967,20,Arrest,,6/22/2010,5900 SCOTTSVILLE RD,0.030377569
37.982256,-78.709941,692,Arrest,,1/21/2012,6200 PLANK RD,0.022813036
37.982256,-78.709941,692,Arrest,,1/22/2012,6200 PLANK RD,0.022813036
38.09698,-78.457083,29,Arrest,,5/8/2012,6200 MONACAN TR,0.012304447
37.87345,-78.717274,29,Arrest,,5/17/2015,6200 MONACAN TR RD,0.012304447
38.047834,-78.719747,250,Arrest,,10/6/2016,6300 ROCKFISH GAP TNPK,0.016825849
38.04598,-78.723339,250,Arrest,,3/2/2015,6400 ROCKFISH GAP TPKE,0.016825849
37.992151,-78.718654,692,Arrest,,12/26/2011,6500 PLANK RD,0.022813036
38.041576,-78.732519,250,Arrest,,10/19/2015,6700 ROCKFISH GAP TNPK,0.016825849
37.835608,-78.541656,20,Arrest,,1/5/2013,7100 SCOTTSVILLE RD,0.030377569
38.012454,-78.747939,692,Arrest,,4/21/2011,7300 PLANK RD,0.022813036
37.822875,-78.518036,20,Arrest,,4/27/2014,7600 SCOTTSVILLE RD,0.030377569
37.820755,-78.513116,20,Arrest,,3/9/2012,7800 SCOTTSVILLE RD,0.030377569
38.031001,-78.809526,250,Arrest,,10/28/2015,8900 ROCKFISH GAP TNPK,0.016825849
37.984043,-78.306661,250,Arrest,,3/11/2015,1000 RICHMOND RD,0.016825849
38.064226,-78.489811,29,Arrest,,1/7/2012,1000 SEMINOLE TR,0.012304447
38.011176,-78.559186,29,Arrest,,8/19/2011,1000 MONACAN TRAIL,0.012304447
37.810043,-78.536597,6,Arrest,,6/5/2010,1000 IRISH RD,0.022074779
38.064226,-78.489811,29,Arrest,,1/17/2010,1000 SEMINOLE TR,0.012304447
38.011176,-78.559186,29,Arrest,,3/1/2012,1000 MONACAN TR,0.012304447
38.003784,-78.481111,20,Arrest,,4/13/2012,1000 SCOTTSVILLE RD,0.030377569
38.011176,-78.559186,29,Arrest,,8/30/2014,1000 MONACAN TRAIL RD,0.012304447
38.062589,-78.463737,631,Arrest,,8/18/2012,1000 E RIO RD,0.022779613
37.895498,-78.871987,29,Arrest,,3/21/2010,100 MONACAN TR,0.012304447
37.895498,-78.871987,29,Arrest,,1/24/2012,100 MONACAN TR,0.012304447
38.03928,-78.469878,29,Arrest,,7/26/2012,100 250 BYPASS,0.012304447
38.03928,-78.469878,29,Arrest,,7/20/2012,100 250 BYPASS,0.012304447
37.895498,-78.871987,29,Arrest,,3/17/2014,100 MONACAN TR,0.012304447
37.80786,-78.502787,6,Arrest,,7/14/2013,100 IRISH RD,0.022074779
37.80786,-78.502787,6,Arrest,,9/8/2013,100 IRISH RD,0.022074779
37.801173,-78.496531,795,Arrest,,9/8/2011,100 HARDWARE ST,0.027658537
38.030472,-78.48183,250,Arrest,,10/6/2012,100 W MAIN ST,0.016825849
38.018539,-78.513341,631,Arrest,,9/28/2015,100 OLD LYNCHBURG RD,0.022779613
38.066721,-78.487546,29,Arrest,,4/13/2013,1100 SEMINOLE TR,0.012304447
38.066991,-78.466321,631,Arrest,,1/25/2010,1100 E RIO RD,0.022779613
37.984102,-78.305106,250,Arrest,,12/18/2011,1100 RICHMOND RD,0.016825849
37.984102,-78.305106,250,Arrest,,7/9/2016,1100 RICHMOND RD,0.016825849
38.066991,-78.466321,631,Arrest,,12/26/2010,1100 E RIO RD,0.022779613
37.810999,-78.540899,6,Arrest,,8/4/2015,1100 IRISH RD,0.022074779
38.078349,-78.535849,601,Arrest,,11/2/2010,1100 GARTH RD,0.017077528
38.01713,-78.497806,631,Arrest,,10/9/2010,1100 5TH ST,0.022779613
38.066721,-78.487546,29,Arrest,,5/21/2010,1100 SEMINOLE TR,0.012304447
38.01713,-78.497806,631,Arrest,,2/20/2010,1100 5TH ST,0.022779613
38.066721,-78.487546,29,Arrest,,7/8/2010,1100 SEMINOLE TR,0.012304447
38.005364,-78.516656,631,Arrest,,2/5/2012,1100 5TH ST EXT,0.022779613
38.009132,-78.506396,631,Arrest,,3/18/2014,1200 5TH ST EXT,0.022779613
38.069366,-78.485212,29,Arrest,,12/10/2010,1200 SEMINOLE TR,0.012304447
38.06909,-78.467711,631,Arrest,,1/29/2010,1200 E RIO RD,0.022779613
38.009445,-78.507211,631,Arrest,,9/2/2012,1200 5TH ST,0.022779613
38.034003,-78.455001,20,Arrest,,3/10/2011,1200 STONY PT RD,0.030377569
38.069366,-78.485212,29,Arrest,,4/10/2010,1200 SEMINOLE TR,0.012304447
38.069366,-78.485212,29,Arrest,,9/6/2010,1200 SEMINOLE TR,0.012304447
38.079254,-78.537735,601,Arrest,,3/13/2014,1200 GARTH RD,0.017077528
37.995636,-78.436051,729,Arrest,,1/23/2012,1200 MILTON RD,0.011018371
38.069366,-78.485212,29,Arrest,,11/2/2013,1200 SEMINOLE TR,0.012304447
38.009132,-78.506396,631,Arrest,,5/2/2012,1200 5TH ST EXT,0.022779613
38.035221,-78.454329,20,Arrest,,1/2/2011,1300 STONY PT RD,0.030377569
38.034309,-78.450465,250,Arrest,,5/13/2011,1300 RICHMOND RD,0.016825849
37.813014,-78.548762,6,Arrest,,2/26/2012,1300 IRISH RD,0.022074779
37.978784,-78.545244,631,Arrest,,5/18/2014,1300 OLD LYNCHBURG RD,0.022779613
38.006441,-78.511041,631,Arrest,,11/26/2014,1300 5TH ST,0.022779613
38.034309,-78.450465,250,Arrest,,4/25/2015,1300 RICHMOND RD,0.016825849
38.035221,-78.454329,20,Arrest,,10/6/2011,1300 STONY POINT RD,0.030377569
38.071872,-78.468218,631,Arrest,,4/14/2013,1300 E RIO RD,0.022779613
37.978784,-78.545244,631,Arrest,,5/13/2014,1300 OLD LYNCHBURG RD,0.022779613
38.036358,-78.452968,20,Arrest,,8/12/2012,1400 STONY POINT RD,0.030377569
38.00489,-78.578467,29,Arrest,,12/18/2015,1400 MONACAN TRL,0.012304447
38.036358,-78.452968,20,Arrest,,7/13/2013,1400 STONY POINT RD,0.030377569
38.111552,-78.450317,729,Arrest,,10/27/2016,1400 ASHLAND DR,0.011018371
38.076873,-78.478472,29,Arrest,,10/29/2013,1400 SEMINOLE TR,0.012304447
37.975494,-78.545467,631,Arrest,,1/3/2011,1400 OLD LYNCHBURG RD,0.022779613
38.074786,-78.468119,631,Arrest,,1/12/2010,1400 E RIO RD,0.022779613
38.033091,-78.447152,250,Arrest,,9/14/2012,1400 RICHOMND RD,0.016825849
38.040614,-78.446592,20,Arrest,,8/12/2010,1500 STONY POINT RD,0.030377569
38.029679,-78.442081,250,Arrest,,4/15/2012,1500 RICHMOND RD,0.016825849
37.970869,-78.547495,631,Arrest,,1/5/2012,1500 OLD LYNCHBURG RD,0.022779613
38.091455,-78.542722,601,Arrest,,6/14/2014,1500 GARTH RD,0.017077528
38.091455,-78.542722,601,Arrest,,5/23/2011,1500 GARTH RD,0.017077528
38.077208,-78.471074,631,Arrest,,1/20/2015,1500 RIO RD,0.022779613
38.080596,-78.475558,29,Arrest,,5/30/2012,1600 SEMINOLE TR,0.012304447
38.077766,-78.474504,631,Arrest,,4/27/2010,1600 E RIO RD,0.022779613
38.082925,-78.49063,743,Arrest,,6/6/2015,1600 EARLYSVILLE RD,0.014030319
38.080596,-78.475558,29,Arrest,,7/12/2015,1600 SEMINOLE TR,0.012304447
38.082925,-78.49063,743,Arrest,,9/14/2010,1600 EARLYSVILLE RD,0.014030319
37.997944,-78.581718,29,Arrest,,1/17/2012,1600 MONACAN TR,0.012304447
38.092242,-78.543079,601,Arrest,,4/30/2016,1600 GARTH RD,0.017077528
38.005364,-78.516656,631,Arrest,,1/31/2016,1600 5TH ST EXT,0.022779613
38.082925,-78.49063,743,Arrest,,1/13/2010,1600 EARLYSVILLE RD,0.014030319
38.005364,-78.516656,631,Arrest,,8/6/2013,1600 5TH ST EXT,0.022779613
38.004986,-78.51721,631,Arrest,,3/19/2011,1600 5TH ST,0.022779613
37.997944,-78.581718,29,Arrest,,10/18/2015,1600 MONACAN TR,0.012304447
38.080596,-78.475558,29,Arrest,,5/9/2010,1600 SEMINOLE TR,0.012304447
38.080596,-78.475558,29,Arrest,,9/11/2010,1600 SEMINOLE TR,0.012304447
38.077766,-78.474504,631,Arrest,,10/9/2010,1600 E RIO RD,0.022779613
38.080596,-78.475558,29,Arrest,,10/29/2010,1600 SEMINOLE TRAIL,0.012304447
38.080596,-78.475558,29,Arrest,,5/12/2012,1600 SEMINOLE TR,0.012304447
38.005364,-78.516656,631,Arrest,,6/18/2016,1600 5TH ST EXT,0.022779613
37.967442,-78.551883,631,Arrest,,10/29/2016,1600 OLD LYNCHBURG RD,0.022779613
38.044276,-78.445575,20,Arrest,,6/4/2011,1600 STONY POINT RD,0.030377569
38.080596,-78.475558,29,Arrest,,10/8/2010,1600 SEMINOLE TR,0.012304447
37.995887,-78.582042,29,Arrest,,6/19/2010,1700 MONACAN TRAIL,0.012304447
38.082965,-78.474011,29,Arrest,,1/28/2012,1700 SEMINOLE TR,0.012304447
38.082965,-78.474011,29,Arrest,,2/18/2014,1700 SEMINOLE TR,0.012304447
38.082737,-78.47337,29,Arrest,,1/24/2010,1700 SEMINOLE TR (ALBEMARLE SQ),0.012304447
37.989398,-78.499528,20,Arrest,,5/23/2012,1700 SCOTTSVILLE RD,0.030377569
38.026749,-78.438863,250,Arrest,,8/6/2012,1700 RICHMOND RD,0.016825849
38.082965,-78.474011,29,Arrest,,5/8/2010,1700 SEMINOLE TR,0.012304447
37.96462,-78.55646,631,Arrest,,9/24/2015,1700 OLD LYNCHBURG RD,0.022779613
38.082965,-78.474011,29,Arrest,,3/13/2015,1700 SEMNOLE TR,0.012304447
38.082965,-78.474011,29,Arrest,,10/24/2015,1700 SEMINOLE TRL,0.012304447
38.081308,-78.473642,631,Arrest,,10/4/2014,1700 E RIO RD,0.022779613
38.096194,-78.54352,601,Arrest,,1/29/2014,1700 GARTH RD,0.017077528
38.024831,-78.43602,250,Arrest,,8/8/2010,1800 RICHMOND RD,0.016825849
37.960702,-78.559786,631,Arrest,,9/13/2015,1800 OLD LYNCHBURG RD,0.022779613
37.991286,-78.583813,29,Arrest,,3/7/2010,1800 MONACAN TR,0.012304447
37.986752,-78.502165,20,Arrest,,9/21/2016,1800 SCOTTSVILLE RD,0.030377569
38.024831,-78.43602,250,Arrest,,4/17/2015,1800 RICHMOND RD,0.016825849
37.991286,-78.583813,29,Arrest,,2/18/2012,1800 MONACAN TR,0.012304447
38.004435,-78.410402,729,Arrest,,10/17/2014,1800 MILTON RD,0.011018371
37.983914,-78.504302,20,Arrest,,11/29/2015,1900 SCOTTSVILLE RD,0.030377569
37.987143,-78.588388,29,Arrest,,11/22/2015,1900 MONACAN TRAIL RD,0.012304447
38.084142,-78.472372,29,Arrest,,2/16/2013,1900 SEMINOLE TR,0.012304447
38.022965,-78.433049,250,Arrest,,10/15/2016,1900 RICHMOND RD,0.016825849
37.983914,-78.504302,20,Arrest,,3/18/2012,1900 SCOTTSVILLE RD,0.030377569
38.092317,-78.470288,29,Arrest,,7/9/2011,2000 SEMINOLE TR,0.012304447
38.092317,-78.470288,29,Arrest,,11/15/2014,2000 SEMINOLE TR,0.012304447
38.092317,-78.470288,29,Arrest,,1/1/2011,2000 SEMINOLE TR,0.012304447
38.020565,-78.430328,250,Arrest,,1/15/2010,2000 RICHMOND RD,0.016825849
38.020565,-78.430328,250,Arrest,,7/4/2014,2000 RICMOND RD,0.016825849
38.093628,-78.486357,743,Arrest,,9/29/2015,2000 EARLYSVILLE RD,0.014030319
38.092317,-78.470288,29,Arrest,,7/26/2012,2000 SEMINOLE TR,0.012304447
37.952115,-78.564794,631,Arrest,,9/5/2016,2000 OLD LYNCHBURG RD,0.022779613
38.060108,-78.431278,20,Arrest,,2/6/2011,2000 STONY POINT RD,0.030377569
38.092317,-78.470288,29,Arrest,,3/21/2014,2000 SEMINOLE TR,0.012304447
38.020565,-78.430328,250,Arrest,,3/2/2016,2000 RICHMOND RD,0.016825849
38.020565,-78.430328,250,Arrest,,9/18/2010,2000 RICHMOND RD,0.016825849
38.062525,-78.49173,743,Arrest,,2/18/2012,2000 HYDRAULIC RD,0.014030319
38.020565,-78.430328,250,Arrest,,1/9/2012,2000 RICHMOND RD,0.016825849
38.076093,-78.479916,29,Arrest,,9/29/2014,200 250/29 BYPASS AT FONTAINE RAMP,0.012304447
38.09617,-78.462112,29,Arrest,,1/23/2010,200 MONACAN TR,0.012304447
38.096644,-78.484476,743,Arrest,,5/5/2012,2100 EARLYSVILLE RD,0.014030319
38.018193,-78.42703,250,Arrest,,5/9/2014,2100 RICHMOND RD,0.016825849
38.018193,-78.42703,250,Arrest,,6/2/2014,2100 RICHMOND RD,0.016825849
38.061549,-78.429215,20,Arrest,,11/4/2012,2100 STONY POINT RD,0.030377569
38.018193,-78.42703,250,Arrest,,7/15/2012,2100 RICHMOND RD,0.016825849
38.016547,-78.426024,250,Arrest,,5/14/2011,2200 RICHMOND RD,0.016825849
37.978875,-78.600357,29,Arrest,,4/18/2016,2200 MONACAN TR,0.012304447
38.044685,-78.515123,250,Arrest,,6/28/2015,2200 IVY RD,0.016825849
38.096441,-78.464879,29,Arrest,,8/1/2010,2200 SEMINOLE TRL,0.012304447
38.044685,-78.515123,250,Arrest,,5/5/2012,2200 IVY RD,0.016825849
38.098416,-78.482126,743,Arrest,,1/14/2012,2200 EARLYSVILLE RD,0.014030319
38.064271,-78.493463,743,Arrest,,11/10/2012,2200 HYDRAULIC RD,0.014030319
38.044685,-78.515123,250,Arrest,,2/27/2010,2200 IVY RD,0.016825849
37.978875,-78.600357,29,Arrest,,12/2/2016,2200 MONACAN TRL,0.012304447
38.044685,-78.515123,250,Arrest,,3/20/2011,2200 IVY RD,0.016825849
38.044685,-78.515123,250,Arrest,,12/13/2014,2200 IVY RD,0.016825849
37.818709,-78.580048,6,Arrest,,8/16/2013,2200 IRISH RD,0.022074779
38.046453,-78.521494,250,Arrest,,6/6/2010,2300 IVY RD,0.016825849
38.099776,-78.462219,29,Arrest,,2/28/2014,2300 SEMINOLE TR,0.012304447
38.046453,-78.521494,250,Arrest,,6/6/2010,2300 IVY RD,0.016825849
38.046453,-78.521494,250,Arrest,,12/17/2012,2300 IVY RD,0.016825849
37.972714,-78.512194,20,Arrest,,12/8/2015,2300 SCOTTSVILLE RD,0.030377569
38.015896,-78.422018,250,Arrest,,2/13/2014,2300 RICHMOND RD,0.016825849
37.886461,-78.58763,692,Arrest,,6/27/2012,2300 PLANK RD,0.022813036
38.099776,-78.462219,29,Arrest,,5/16/2010,2300 SEMINOLE TRL,0.012304447
38.099776,-78.462219,29,Arrest,,10/31/2010,2300 SEMINOLE TRL,0.012304447
37.977946,-78.604117,29,Arrest,,4/14/2014,2300 MONACAN TR RD,0.012304447
38.046453,-78.521494,250,Arrest,,6/6/2010,2300 IVY RD,0.016825849
38.046453,-78.521494,250,Arrest,,6/6/2010,2300 IVY RD,0.016825849
37.977946,-78.604117,29,Arrest,,6/25/2011,2300 MONACAN TR RD,0.012304447
38.047622,-78.523974,250,Arrest,,11/29/2014,2400 IVY RD,0.016825849
38.047622,-78.523974,250,Arrest,,6/23/2015,2400 IVY RD,0.016825849
38.015483,-78.417808,250,Arrest,,3/18/2012,2400 RICHMOND RD,0.016825849
38.047622,-78.523974,250,Arrest,,1/16/2011,2400 IVY RD,0.016825849
38.051395,-78.532635,250,Arrest,,10/24/2010,2400 IVY RD @ BIRDWOOD,0.016825849
38.015483,-78.417808,250,Arrest,,3/30/2011,2400 RICHMOND RD,0.016825849
38.015483,-78.417808,250,Arrest,,1/17/2010,2400 RICHMOND RD,0.016825849
38.047622,-78.523974,29,Arrest,,6/4/2011,2400 IVY RD AT 29/250 BYPASS,0.012304447
38.099776,-78.462219,29,Arrest,,8/10/2010,2400 SEMINOLE TR,0.012304447
38.047622,-78.523974,250,Arrest,,6/11/2012,2400 IVY RD,0.016825849
38.047622,-78.523974,250,Arrest,,4/6/2013,2400 IVY RD,0.016825849
38.099776,-78.462219,29,Arrest,,7/3/2011,2400 SEMINOLE TR,0.012304447
38.099776,-78.462219,29,Arrest,,1/11/2015,2400 SEMINOLE TR,0.012304447
38.099776,-78.462219,29,Arrest,,6/26/2011,2500 SEMINOLE TR,0.012304447
38.099776,-78.462219,29,Arrest,,11/1/2011,2500 SEMINOLE TR,0.012304447
38.049608,-78.526422,250,Arrest,,12/12/2015,2500 IVY RD,0.016825849
38.099776,-78.462219,29,Arrest,,5/2/2012,2500 SEMINOLE TR,0.012304447
38.01523,-78.414755,250,Arrest,,7/25/2010,2500 RICHMOND RD,0.016825849
37.965869,-78.460831,795,Arrest,,2/11/2012,2500 JAMES MONROE PKWY,0.027658537
37.905911,-78.543955,20,Arrest,,2/8/2014,2500 SCOTTSVILLE RD,0.030377569
38.066736,-78.496417,743,Arrest,,4/22/2013,2500 HYDRAULIC RD,0.014030319
38.099776,-78.462219,29,Arrest,,6/3/2010,2500 SEMINOLE TR,0.012304447
37.905911,-78.543955,20,Arrest,,4/12/2013,2500 SCOTTSVILLE RD,0.030377569
38.049608,-78.526422,250,Arrest,,9/7/2013,2500 IVY RD,0.016825849
38.101446,-78.57523,601,Arrest,,1/22/2010,2500 GARTH RD,0.017077528
38.049608,-78.526422,250,Arrest,,9/17/2016,2500 IVY RD,0.016825849
38.068403,-78.497272,743,Arrest,,10/25/2011,2600 HYDRAULIC RD,0.014030319
38.068403,-78.497272,743,Arrest,,11/22/2011,2600 HYDRAULIC RD,0.014030319
38.015667,-78.410787,250,Arrest,,3/8/2014,2600 RICHMOND RD,0.016825849
38.015667,-78.410787,250,Arrest,,4/6/2012,2600 RICHMOND RD,0.016825849
38.015667,-78.410787,250,Arrest,,6/25/2011,2600 RICHMOND RD,0.016825849
38.068403,-78.497272,743,Arrest,,11/26/2016,2600 HYDRAULIC RD,0.014030319
38.074764,-78.405713,20,Arrest,,11/13/2015,2600 STONY POINT RD,0.030377569
38.015667,-78.410787,250,Arrest,,5/12/2012,2600 RICHMOND RD,0.016825849
38.071319,-78.498482,743,Arrest,,11/15/2015,2700 HYDRAULIC RD,0.014030319
38.052886,-78.537351,250,Arrest,,1/23/2012,2700 IVY RD,0.016825849
37.961737,-78.520614,20,Arrest,,8/4/2013,2700 SCOTTSVILLE RD,0.030377569
38.016411,-78.406534,250,Arrest,,11/3/2013,2700 RICHMOND RD,0.016825849
38.104332,-78.582387,601,Arrest,,7/15/2013,2700 GARTH RD,0.017077528
38.052886,-78.537351,250,Arrest,,4/15/2012,2700 IVY RD,0.016825849
37.982235,-78.404585,729,Arrest,,1/18/2015,2700 MILTON RD,0.011018371
37.895378,-78.609098,692,Arrest,,9/28/2014,2700 PLANK RD,0.022813036
38.052886,-78.537351,250,Arrest,,6/11/2015,2700 IVY RD,0.016825849
38.052886,-78.537351,250,Arrest,,9/3/2014,2700 IVY RD,0.016825849
38.075757,-78.497443,743,Arrest,,11/8/2015,2800 HYDRAULIC RD,0.014030319
37.966955,-78.623529,29,Arrest,,9/10/2015,2800 MONACAN TRAIL RD,0.012304447
38.075757,-78.497443,743,Arrest,,3/16/2011,2800 HYDRAULIC RD,0.014030319
38.113309,-78.452842,29,Arrest,,10/9/2013,2800 SEMINOLE TR,0.012304447
38.113309,-78.452842,29,Arrest,,1/16/2010,2800 SEMINOLE TR,0.012304447
38.113309,-78.452842,29,Arrest,,2/2/2014,2800 SEMINOLE TRL,0.012304447
38.016801,-78.403084,250,Arrest,,4/21/2015,2800 RICHMOND RD,0.016825849
38.080015,-78.403777,20,Arrest,,10/29/2014,2800 STONY POINT RD,0.030377569
38.075757,-78.497443,743,Arrest,,12/29/2010,2800 HYDRAULIC RD,0.014030319
38.11601,-78.451076,29,Arrest,,7/29/2014,2900 SEMINOLE TR,0.012304447
38.084744,-78.40186,20,Arrest,,2/21/2010,2900 STONY POINT RD,0.030377569
37.956931,-78.526503,20,Arrest,,6/7/2015,2900 SCOTTSVILLE RD,0.030377569
37.967305,-78.627872,29,Arrest,,9/9/2012,2900 MONACAN TR RD,0.012304447
37.957042,-78.403615,729,Arrest,,9/30/2012,2900 BUCK ISLAND RD,0.011018371
38.119643,-78.448701,29,Arrest,,10/13/2012,3000 SEMINOLE TR,0.012304447
38.01395,-78.396578,250,Arrest,,6/11/2011,3000 RICHMOND RD,0.016825849
38.023104,-78.534715,29,Arrest,,5/18/2016,3000 FONTAINE AVE EXT,0.012304447
38.05096,-78.552151,250,Arrest,,2/8/2011,3000 IVY RD,0.016825849
38.01395,-78.396578,250,Arrest,,8/12/2016,3000 RICHMOND RD,0.016825849
38.05096,-78.552151,250,Arrest,,12/24/2015,3000 IVY RD,0.016825849
38.01395,-78.396578,250,Arrest,,9/4/2011,3000 RICHMOND RD,0.016825849
37.954258,-78.529449,20,Arrest,,11/10/2016,3000 SCOTTSVILLE RD,0.030377569
38.119643,-78.448701,29,Arrest,,2/15/2014,3000 SEMINOLE TR,0.012304447
38.05096,-78.552151,250,Arrest,,6/25/2016,3000 IVY RD,0.016825849
38.097047,-78.458073,29,Arrest,,1/31/2015,300 MONACAN TR,0.012304447
38.047,-78.470037,631,Arrest,,8/29/2010,300 E RIO RD,0.022779613
38.03928,-78.469878,29,Arrest,,3/30/2013,300 29/250 BYPASS,0.012304447
37.90636,-78.543597,20,Arrest,,1/1/2016,3100 SCOTTSVILL RD,0.030377569
37.925637,-78.612204,631,Arrest,,9/2/2013,3100 OLD LYNCHBURG RD,0.022779613
37.949944,-78.401708,729,Arrest,,3/25/2012,3100 BUCK ISLAND RD,0.011018371
37.90636,-78.543597,20,Arrest,,9/25/2010,3100 SCOTTSVILLE RD,0.030377569
37.948818,-78.534028,20,Arrest,,1/16/2013,3200 SCOTTSVILLE RD,0.030377569
38.124326,-78.44432,29,Arrest,,1/21/2016,3300 SEMINOLE TR,0.012304447
37.946643,-78.535058,20,Arrest,,6/27/2013,3300 SCOTTSVILLE RD,0.030377569
37.923097,-78.620916,631,Arrest,,1/29/2016,3300 OLD LYNCHBURG RD,0.022779613
38.054051,-78.567015,250,Arrest,,12/31/2012,3400 IVY RD,0.016825849
38.127805,-78.446168,29,Arrest,,9/22/2015,3400 SEMINOLE TR,0.012304447
38.129016,-78.548888,601,Arrest,,12/19/2012,3400 FREE UNION RD,0.017077528
37.962259,-78.651731,29,Arrest,,11/13/2016,3400 MONACAN TR RD,0.012304447
38.127805,-78.446168,29,Arrest,,4/15/2015,3400 SEMINOLE TR,0.012304447
38.127805,-78.446168,29,Arrest,,7/16/2013,3400 SEMINOLE TR,0.012304447
38.096661,-78.462488,29,Arrest,,12/9/2015,3500 MONACAN TR,0.012304447
38.132424,-78.435346,29,Arrest,,8/31/2014,3500 SEMINOLE TR @ AIRPORT ACRES,0.012304447
37.916305,-78.631865,692,Arrest,,8/26/2012,3500 PLANK RD,0.022813036
37.941025,-78.467325,795,Arrest,,12/18/2011,3500 PRESIDENTS RD,0.027658537
38.132424,-78.435346,29,Arrest,,2/27/2010,3500 SEMINOLE TR,0.012304447
38.00908,-78.378405,250,Arrest,,3/13/2015,3500 RICHMOND RD,0.016825849
38.134803,-78.433357,29,Arrest,,3/5/2010,3600 SEMINOLE TR,0.012304447
37.918651,-78.635082,692,Arrest,,7/31/2015,3600 PLANK RD,0.022813036
37.918651,-78.635082,692,Arrest,,6/25/2011,3600 PLANK RD,0.022813036
38.134803,-78.433357,29,Arrest,,10/9/2010,3600 SEMINOLE TRAIL,0.012304447
38.055357,-78.571682,250,Arrest,,3/6/2013,3600 IVY RD,0.016825849
38.10607,-78.380476,20,Arrest,,3/13/2011,3600 STONY POINT RD,0.030377569
38.138265,-78.431818,29,Arrest,,2/18/2012,3700 SEMINOLE TR,0.012304447
38.143981,-78.467661,743,Arrest,,10/4/2010,3700 EARLYSVILLE RD,0.014030319
38.108164,-78.375573,20,Arrest,,12/13/2010,3700 STONY POINT RD,0.030377569
38.108164,-78.375573,20,Arrest,,11/2/2015,3700 STONY POINT RD,0.030377569
38.007051,-78.371523,250,Arrest,,11/6/2016,3700 RICHMOND RD,0.016825849
37.952421,-78.66222,29,Arrest,,10/16/2010,3700 MONACAN TRAIL,0.012304447
38.09698,-78.457083,29,Arrest,,7/28/2013,3700 MONACAN TR,0.012304447
37.935,-78.470309,795,Arrest,,5/25/2014,3700 PRESIDENTS RD,0.027658537
38.108164,-78.375573,20,Arrest,,12/4/2011,3700 STONY POINT RD,0.030377569
37.906894,-78.5432,20,Arrest,,9/15/2012,3800 SCOTTSVILLE RD,0.030377569
38.110702,-78.622464,601,Arrest,,3/10/2011,3800 GARTH RD,0.017077528
38.143443,-78.428625,29,Arrest,,12/7/2014,3900 SEMINOLE TR,0.012304447
38.09698,-78.457083,29,Arrest,,2/1/2013,3900 MONACAN TR,0.012304447
37.929068,-78.634785,692,Arrest,,6/4/2016,3900 PLANK RD,0.022813036
38.055378,-78.582384,250,Arrest,,11/10/2012,3900 IVY RD,0.016825849
38.09698,-78.457083,29,Arrest,,8/10/2013,3900 MONACAN TR,0.012304447
38.150271,-78.477421,743,Arrest,,7/27/2012,4000 EARLYSVILLE RD,0.014030319
38.047,-78.470037,631,Arrest,,4/21/2012,400 E RIO RD,0.022779613
38.047,-78.470037,631,Arrest,,4/7/2013,400 E RIO RD,0.022779613
38.085847,-78.485774,631,Arrest,,5/9/2010,400 W RIO RD,0.022779613
38.026615,-78.504162,20,Arrest,,6/22/2014,400 VALLEY ST,0.030377569
38.05556,-78.589413,250,Arrest,,8/3/2012,4100 IVY RD,0.016825849
37.922405,-78.548226,20,Arrest,,4/30/2011,4100 SCOTTSVILLE RD,0.030377569
37.938138,-78.670339,29,Arrest,,3/13/2012,4100 MONACAN TR RD,0.012304447
38.05556,-78.589413,250,Arrest,,12/20/2014,4100 IVY RD,0.016825849
38.055655,-78.594039,250,Arrest,,8/14/2010,4200 IVY RD,0.016825849
38.059452,-78.654248,250,Arrest,,4/19/2016,4200 ROCKFISH GAP TNPK,0.016825849
38.154691,-78.420385,29,Arrest,,5/16/2015,4200 SEMINOLE TR @ CAMELOT DR,0.012304447
38.059452,-78.654248,250,Arrest,,8/11/2012,4200 ROCKFISH GAP TNPK,0.016825849
37.91892,-78.549496,20,Arrest,,10/28/2012,4200 SCOTTSVILLE RD,0.030377569
38.055655,-78.594039,250,Arrest,,9/25/2014,4200 IVY RD,0.016825849
37.995065,-78.349894,250,Arrest,,6/29/2014,4300 RICHMOND RD,0.016825849
38.15936,-78.417731,29,Arrest,,7/17/2014,4400 SEMINOLE TR,0.012304447
37.97965,-78.24594,250,Arrest,,7/13/2016,4400 RICHMOND RD,0.016825849
38.1189,-78.649521,601,Arrest,,7/10/2011,4400 GARTH RD,0.017077528
37.923887,-78.67923,29,Arrest,,6/22/2013,4500 MONACAN TR RD,0.012304447
37.923887,-78.67923,29,Arrest,,6/21/2015,4500 MONACAN TR RD,0.012304447
38.09698,-78.457083,29,Arrest,,4/20/2015,4600 MONICAN TR,0.012304447
37.956017,-78.645215,692,Arrest,,6/20/2015,4600 PLANK RD,0.022813036
38.160874,-78.474701,743,Arrest,,6/10/2015,4600 ADVANCE MILLS RD,0.014030319
37.991682,-78.343171,250,Arrest,,10/19/2013,4600 RICHMOND RD,0.016825849
38.09698,-78.457083,29,Arrest,,9/3/2010,4700 MONACAN TR,0.012304447
38.166577,-78.413118,29,Arrest,,12/8/2011,4700 SEMINOLE TR,0.012304447
38.060621,-78.611093,250,Arrest,,5/9/2016,4800 IVY RD,0.016825849
38.09698,-78.457083,29,Arrest,,6/7/2012,4800 MONACAN TR,0.012304447
37.988677,-78.337107,250,Arrest,,5/11/2013,4800 RICHMOND RD,0.016825849
37.954541,-78.652946,692,Arrest,,8/22/2010,4800 PLANK RD,0.022813036
38.133805,-78.329145,20,Arrest,,10/20/2010,4900 STONY POINT RD,0.030377569
37.987345,-78.333032,250,Arrest,,10/26/2013,4900 RICHMOND RD,0.016825849
38.051621,-78.673126,250,Arrest,,7/28/2010,5000 ROCKFISH GAP TPK,0.016825849
37.987951,-78.324647,250,Arrest,,2/3/2010,5000 RICHMOND RD,0.016825849
38.09698,-78.457083,29,Arrest,,8/25/2015,5000 MONICAN TR RD,0.012304447
38.137412,-78.328273,20,Arrest,,3/20/2013,5000 STONY PT RD,0.030377569
38.175249,-78.407585,29,Arrest,,9/19/2016,5000 SEMINOLE TR,0.012304447
38.048316,-78.465066,631,Arrest,,12/14/2011,500 E RIO RD,0.022779613
38.048316,-78.465066,631,Arrest,,1/19/2012,500 E RIO RD,0.022779613
38.01741,-78.542954,29,Arrest,,8/6/2010,500 MONACAN TRAIL,0.012304447
37.808228,-78.516913,6,Arrest,,3/12/2013,500 IRISH RD,0.022074779
38.097049,-78.458011,29,Arrest,,8/9/2015,500 MONACAN TR,0.012304447
38.007696,-78.52022,631,Arrest,,5/12/2012,500 OLD LYNCHBURG RD,0.022779613
37.884191,-78.548995,20,Arrest,,9/11/2016,5200 SCOTTSVILLE RD,0.030377569
37.880766,-78.54974,20,Arrest,,4/30/2015,5300 SCOTTSVILLE RD,0.030377569
37.877754,-78.55146,20,Arrest,,5/30/2016,5400 SCOTTSVILLE RD,0.030377569
37.81855,-78.692167,6,Arrest,,3/23/2015,5500 IRISH RD,0.022074779
38.155277,-78.311166,20,Arrest,,11/8/2014,5500 STONY POINT RD,0.030377569
38.189998,-78.398078,29,Arrest,,12/8/2010,5500 SEMINOLE TRAIL,0.012304447
37.888291,-78.708131,29,Arrest,,4/27/2014,5500 MONACAN TRL,0.012304447
37.979675,-78.68622,692,Arrest,,10/26/2012,5700 PLANK RD,0.022813036
38.051181,-78.698479,250,Arrest,,4/13/2014,5700 ROCKFISH GAP TNPK,0.016825849
38.051181,-78.698479,250,Arrest,,1/12/2013,5700 ROCKFISHGAP TNPK,0.016825849
38.051224,-78.696254,250,Arrest,,5/23/2016,5800 ROCKFISH GAP TNPK,0.016825849
37.874083,-78.552667,20,Arrest,,5/6/2012,5800 SCOTTSVILLE RD,0.030377569
38.051224,-78.696254,250,Arrest,,4/28/2012,5800 ROCKFISH GAP TNPK,0.016825849
37.874083,-78.552667,20,Arrest,,7/1/2013,5800 SCOTTSVILLE RD,0.030377569
37.869483,-78.555967,20,Arrest,,2/26/2012,5900 SCOTTSVILLE RD,0.030377569
37.869483,-78.555967,20,Arrest,,9/11/2016,5900 SCOTTSVILLE RD,0.030377569
38.050988,-78.705451,250,Arrest,,12/2/2012,5900 ROCKFISH GAP TNPK,0.016825849
37.869483,-78.555967,20,Arrest,,8/3/2013,5900 SCOTTSVILLE RD,0.030377569
38.09705,-78.45798,29,Arrest,,5/10/2011,600 MONACAN TR,0.012304447
38.09705,-78.45798,29,Arrest,,9/13/2015,600 MONACAN TR,0.012304447
38.003973,-78.481027,20,Arrest,,5/6/2016,600 SCOTTSVILLE RD,0.030377569
38.049517,-78.712827,250,Arrest,,4/5/2015,6100 ROCKFISH GAP TNPK,0.016825849
37.982256,-78.709941,692,Arrest,,9/11/2013,6200 PLANK RD,0.022813036
38.09698,-78.457083,29,Arrest,,4/13/2015,6300 MONACAN TR,0.012304447
38.043113,-78.728745,250,Arrest,,3/14/2014,6600 ROCKFISH GAP TNPK,0.016825849
37.944892,-78.535532,20,Arrest,,2/19/2013,6900 SCOTTSVILLE RD,0.030377569
38.000562,-78.527558,631,Arrest,,10/14/2010,700 OLD LYNCHBURG RD,0.022779613
38.016056,-78.545632,29,Arrest,,12/20/2014,700 MONACAN TRL RD,0.012304447
38.000562,-78.527558,631,Arrest,,1/6/2012,700 OLD LYNCHBURG RD,0.022779613
38.055579,-78.46093,631,Arrest,,4/30/2012,700 RIO RD E,0.022779613
38.000562,-78.527558,631,Arrest,,4/20/2014,700 OLD LYNCHBURG RD,0.022779613
38.039987,-78.746498,250,Arrest,,4/19/2012,7100 ROCKFISH GAP TNPK,0.016825849
38.039987,-78.746498,250,Arrest,,7/20/2015,7100 ROCKFISH GAP TNPK,0.016825849
38.036746,-78.755882,250,Arrest,,1/2/2016,7400 ROCKFISH GAP TNPK,0.016825849
37.818997,-78.508867,20,Arrest,,12/31/2010,7900 SCOTTSVILLE RD,0.030377569
38.020964,-78.777629,692,Arrest,,4/19/2013,7900 PLANK RD,0.022813036
38.003784,-78.481111,20,Arrest,,5/31/2014,800 SCOTTSVILLE RD,0.030377569
38.058458,-78.461325,631,Arrest,,7/23/2012,800 E RIO RD,0.022779613
37.808542,-78.528057,6,Arrest,,4/11/2015,800 IRISH RD/LANGHORN RD,0.022074779
37.808542,-78.528057,6,Arrest,,12/31/2012,800 IRISH RD,0.022074779
37.994331,-78.529789,631,Arrest,,9/1/2016,800 OLD LYNCHBURG RD,0.022779613
38.030465,-78.780701,250,Arrest,,5/29/2013,8100 ROCKFISH GAP TNPK,0.016825849
38.030465,-78.780701,250,Arrest,,6/5/2010,8100 ROCKFISH GAP TNPK,0.016825849
37.811882,-78.501354,20,Arrest,,5/26/2013,8200 SCOTTSVILLE RD,0.030377569
38.031001,-78.809526,250,Arrest,,9/26/2016,8900 ROCKFISH GAP TNPK,0.016825849
38.03928,-78.469878,29,Arrest,,9/7/2014,9000 250 BYPASS,0.012304447
37.804667,-78.498885,20,Arrest,,7/20/2012,900 VALLEY ST,0.030377569
38.062429,-78.491448,29,Arrest,,12/24/2015,900 SEMINOLE TR,0.012304447
38.061664,-78.533443,250,Arrest,,5/16/2010,900 OLD GARTH RD,0.016825849
38.011726,-78.394594,729,Arrest,,11/23/2015,900 N MILTON RD,0.011018371
38.011726,-78.394594,729,Arrest,,4/21/2015,900 N MILTON RD,0.011018371
38.003784,-78.481111,20,Arrest,,4/27/2015,900 SCOTTSVILLE RD,0.030377569
38.038756,-78.829207,250,Arrest,,8/15/2014,9600 ROCKFISH GAP TNPK,0.016825849
38.025952,-78.519117,29,Arrest,,5/18/2013,0 250 BYPASS @ FONTAINE AVE,0.012304447
38.079633,-78.475713,29,Arrest,,4/24/2010,0 SEMINOLE TR @ FASHION SQUARE DR,0.012304447
38.100916,-78.461293,631,Arrest,,1/8/2011,0 E RIO RD/SEMINOLE TR,0.022779613
38.020884,-78.430554,250,Arrest,,2/6/2011,0 RICHMOND RD/I64,0.016825849
38.087333,-78.474828,29,Arrest,,6/12/2011,0 SEMINOLE TRL/RIO RD,0.012304447
38.075432,-78.498112,743,Arrest,,6/18/2011,0 HYDRAULIC RD & LAMBS RD,0.014030319
38.062215,-78.491635,29,Arrest,,7/25/2011,0 SEMINOLE TR @ HYDRAULIC RD,0.012304447
38.064628,-78.484061,29,Arrest,,3/3/2012,0 SEMINOLE TR / SEMINOLE CT,0.012304447
38.123249,-78.445516,29,Arrest,,3/26/2012,0 SEMINOLE TR/ASHWOOD BLVD,0.012304447
38.09362,-78.466943,29,Arrest,,6/17/2012,0 SEMINOLE TR @ CARRSBROOK DR,0.012304447
38.123249,-78.445516,29,Arrest,,10/6/2012,0 SEMINOLE TR,0.012304447
38.011213,-78.499139,631,Arrest,,10/7/2012,0 5TH ST/PINEHURST CT,0.022779613
38.021302,-78.43132,250,Arrest,,10/31/2012,0 RICHMOND RD @ I-64,0.016825849
38.141972,-78.465038,743,Arrest,,5/4/2013,0 EARLYSVILLE RD @ ENGLISH WALNUT WAY,0.014030319
38.051619,-78.673238,250,Arrest,,2/16/2014,0 ROCKFISH GAP TNPK AT I64,0.016825849
38.118411,-78.449188,29,Arrest,,4/16/2010,0 SEMINOLE TR @ RUBIN LN,0.012304447
38.042216,-78.510042,29,Arrest,,7/24/2010,0 29 BYPASS @ IVY RD,0.012304447
38.009339,-78.480065,20,Arrest,,8/12/2010,0 SCOTTSVILLE RD @ I64 N/B,0.030377569
38.143901,-78.427241,29,Arrest,,10/2/2010,0 SEMINOLE TRAIL @ CYPRESS DR,0.012304447
38.042216,-78.510042,29,Arrest,,6/24/2011,0 29/250 BYAPSS @ IVY RD,0.012304447
38.083505,-78.489315,631,Arrest,,7/5/2011,0 W RIO RD @ CRENSHAW CT,0.022779613
38.051149,-78.531395,250,Arrest,,7/14/2011,0 IVY RD @ WHITE GABLES LN,0.016825849
38.012074,-78.394027,250,Arrest,,11/11/2011,0 RICHMOND RD @ NORTH MILTON,0.016825849
38.102605,-78.460232,29,Arrest,,2/2/2013,0 SEMINOLE TR @ RIO MILLS,0.012304447
38.075567,-78.479646,29,Arrest,,2/10/2013,0 SEMINOLE TR @ DOMINION DR,0.012304447
38.013924,-78.39654,250,Arrest,,11/26/2014,0 RICHMOND RD @ LOUISA RD,0.016825849
38.039831,-78.506636,29,Arrest,,8/1/2015,0 250 BYPASS @ IVY RD,0.012304447
38.033689,-78.455033,250,Arrest,,5/1/2016,0 RICHMOND RD @ RIVERBEND DR,0.016825849
37.980157,-78.545105,631,Arrest,,8/10/2012,0 OLD LYNCHBURG RD @ DUDLEY MTN RD,0.022779613
38.062215,-78.491635,29,Arrest,,11/19/2013,0 SEMINOLE TR @ HYDRAULIC RD,0.012304447
38.068569,-78.467372,631,Arrest,,12/24/2013,0 E RIO RD @ HUNTINGTON RD,0.022779613
38.123249,-78.445516,631,Arrest,,8/4/2014,0 SEMINOLE TR 3 MI N OF E RIO RD,0.022779613
38.077713,-78.470672,631,Arrest,,9/27/2015,0 PUTT PUTT LN & E RIO RD,0.022779613
38.087917,-78.470486,29,Arrest,,12/17/2016,0 SEMINOLE TR @ WOODBROOK DR,0.012304447
38.076845,-78.474892,631,Arrest,,9/18/2011,0 RIO RD @ FASHION SQUARE DR,0.022779613
38.085934,-78.478572,631,Arrest,,9/19/2011,0 RIO RD @ BERKMAR DR,0.022779613
38.079741,-78.472751,631,Arrest,,10/8/2011,0 E RIO RD @ ALBEMARLE SQ,0.022779613
38.097066,-78.464677,29,Arrest,,10/16/2011,0 SEMINOLE TR @ SEMINOLE LN,0.012304447
37.849629,-78.549096,20,Arrest,,10/29/2011,0 SCOTTSVILLE RD @ RIDING CLUB RD,0.030377569
38.056107,-78.461857,631,Arrest,,10/30/2011,0 E RIO RD @ WALDORF SCHOOL RD,0.022779613
38.033689,-78.455033,250,Arrest,,12/3/2011,0 RICHMOND RD @ RIVERBEND DR,0.016825849
38.012074,-78.394027,729,Arrest,,2/26/2012,0 N MILTON RD @ RICHMOND RD,0.011018371
38.102559,-78.460004,29,Arrest,,3/3/2012,0 SEMINOLE TR @ POLO GROUNDS RD,0.012304447
38.068569,-78.467372,631,Arrest,,4/30/2012,0 E RIO RD @ HUNTINGTON RD,0.022779613
38.064691,-78.420929,20,Arrest,,5/19/2012,0 STONY POINT RD @ BREEZEMONT DR,0.030377569
38.097066,-78.464677,29,Arrest,,6/16/2012,0 SEMINOLE TR @ HILTON HGTS,0.012304447
38.086497,-78.483487,29,Arrest,,7/7/2012,0 RIO RD AT SEMINOLE TR,0.012304447
38.021302,-78.43132,250,Arrest,,8/21/2012,0 RICHMOND RD @ I-64,0.016825849
38.070142,-78.484511,29,Arrest,,2/23/2013,0 SEMINOLE TRAIL @ GREENBRIER DR,0.012304447
38.102559,-78.460004,29,Arrest,,4/19/2013,0 SEMINOLE TR @ POLO GROUNDS RD,0.012304447
37.981666,-78.50634,20,Arrest,,5/2/2013,0 SCOTTSVILLE RD @ AVON ST,0.030377569
37.885813,-78.548709,20,Arrest,,8/22/2014,0 SCOTTSVILLE RD @ HARRIS CREEK RD,0.030377569
38.033689,-78.455033,20,Arrest,,6/10/2012,0 STONEY POINT RD/RICHMOND RD,0.030377569
38.010969,-78.560325,29,Arrest,,1/16/2010,0 MONACAN TR/MCCAULEY MTN RD,0.012304447
38.113222,-78.452898,29,Arrest,,4/17/2010,0 SEMINOLE TR @ ASHWOOD BLVD,0.012304447
38.045942,-78.516238,250,Arrest,,5/1/2010,0 IVY RD / OLD IVY,0.016825849
38.097066,-78.464677,29,Arrest,,6/26/2010,0 SEMINOLE TRAIL / HILTON HEIGHTS,0.012304447
38.072095,-78.460997,631,Arrest,,9/23/2012,0 E RIO RD/BELVEDERE BLVD,0.022779613
38.059735,-78.431788,20,Arrest,,1/11/2013,0 STONY POINT RD @ VINCENNES RD,0.030377569
37.812807,-78.547336,6,Arrest,,5/11/2011,0 IRISH RD @ WHITE DIAMOND LN,0.022074779
38.079741,-78.472751,631,Arrest,,7/24/2015,0 E RIO RD @ ALBEMARLE SQ,0.022779613
37.801083,-78.49649,20,Arrest,,3/28/2015,0 VALLEY ST @ HARDWARE ST,0.030377569
37.798808,-78.495122,20,Arrest,,3/12/2016,0 VALLEY ST @ E MAIN ST,0.030377569
38.082801,-78.490584,743,Arrest,,12/8/2012,0 HYDRAULIC RD @ EARLYSVILLE RD,0.014030319
38.132179,-78.435231,29,Arrest,,4/23/2013,0 SEMINOLE TR @ AIRPORT RD,0.012304447
38.063949,-78.463346,631,Arrest,,10/25/2013,0 E RIO RD @ BELVEDERE BLVD,0.022779613
38.132179,-78.435231,29,Arrest,,6/25/2014,0 SEMINOLE TR @ AIRPORT RD,0.012304447
38.03653,-78.507807,29,Arrest,,9/26/2010,0 BYPASS @ EMMETT ST,0.012304447
38.121215,-78.447297,29,Arrest,,8/30/2011,0 SEMINOLE TRL & HOLLYMEAD DR,0.012304447
38.045942,-78.516238,250,Arrest,,2/21/2010,0 IVY RD/OLD IVY RD,0.016825849
38.00635,-78.380029,250,Arrest,,5/16/2010,0 RICHMOND RD/GLENMORE WAY,0.016825849
38.049118,-78.467088,631,Arrest,,7/5/2010,0 E RIO RD @ ALWOOD LN,0.022779613
38.076852,-78.530806,601,Arrest,,11/28/2010,0 GARTH RD/INGLESIDE DR,0.017077528
38.039831,-78.506636,29,Arrest,,3/4/2011,0 29/250 BYPASS & IVY RD,0.012304447
37.999824,-78.498421,20,Arrest,,11/9/2011,0 SCOTTSVILLE RD/AVON EXT,0.030377569
37.995792,-78.581837,29,Arrest,,3/17/2013,0 MONACAN TR/I64,0.012304447
38.020884,-78.430554,250,Arrest,,5/28/2013,0 RICHMOND RD/I64,0.016825849
38.05536,-78.576895,29,Arrest,,7/21/2013,0 BYPASS/IVY RD,0.012304447
38.165506,-78.375052,20,Arrest,,11/17/2013,0 STONY POINT RD/GILBERT STATION RD,0.030377569
38.09692,-78.459651,29,Arrest,,8/14/2015,0 MONACAN TR,0.012304447
38.074031,-78.481024,29,Arrest,,7/19/2014,0 PREMIER CL & SEMINOLE TR,0.012304447
38.071201,-78.499088,743,Arrest,,8/12/2014,0 HYDRAULIC RD @ GEORGETOWN RD,0.014030319
38.026851,-78.527629,29,Arrest,,7/20/2013,0 29/250 BYP @ FONTAINE AV,0.012304447
38.062215,-78.491635,29,Arrest,,7/10/2011,0 SEMINOLE TR @ HYDRAULIC RD,0.012304447
37.993966,-78.488125,20,Arrest,,2/26/2012,0 SCOTTSVILLE RD @ MILL CREEK DR,0.030377569
38.057227,-78.501901,29,Arrest,,3/1/2012,0 29/250 BYPASS @ BARRACKS RD,0.012304447
38.087917,-78.470486,29,Arrest,,3/18/2012,0 SEMINOLE TR @ WOODBROOK DR,0.012304447
38.102605,-78.460232,29,Arrest,,5/13/2012,0 SEMINOLE TR @ RIO MILLS RD,0.012304447
38.129698,-78.437942,29,Arrest,,9/29/2012,0 SEMINOLE TR @ TIMBERWOOD BLVD,0.012304447
38.125811,-78.44266,29,Arrest,,10/16/2012,0 SEMINOLE TRL @ TOWNCENTER DR,0.012304447
38.148995,-78.423993,29,Arrest,,4/10/2014,0 SEMINOLE TR @ LEWIS & CLARK DR,0.012304447
38.164262,-78.414284,29,Arrest,,12/24/2014,0 SEMINOLE TR @ AUSTIN DR,0.012304447
38.012312,-78.552186,29,Arrest,,4/2/2010,0 MONACAN TR @ HICKORY HILL,0.012304447
38.071201,-78.499088,743,Arrest,,5/15/2011,0 HYDRAULIC @ GEORGETOWN GREEN,0.014030319
38.075432,-78.498112,743,Arrest,,11/20/2011,0 HYDRAULIC RD @ LAMBS RD,0.014030319
38.083951,-78.472827,29,Arrest,,11/27/2011,0 SEMIOLE TR @ E RIO RD,0.012304447
38.005727,-78.402335,729,Arrest,,3/10/2012,0 MILTON RD N @ MILTON RD,0.011018371
38.079945,-78.494346,743,Arrest,,3/18/2012,0 HYDRAULIC @ WEBLANDS,0.014030319
38.03378,-78.453102,250,Arrest,,4/26/2012,0 RICHMOND RD @ PEOPLE PL,0.016825849
37.99608,-78.486067,20,Arrest,,9/16/2012,0 SCOTTSVILLE RD @ STONE CREEK LN,0.030377569
38.014416,-78.500158,631,Arrest,,10/20/2012,0 5TH ST @ HARRIS ST,0.022779613
38.257906,-78.489798,20,Arrest,,1/6/2013,0 VALLEY ST @ MOUNTAIN VISTA,0.030377569
38.052172,-78.702623,250,Arrest,,5/23/2013,0 ROCKFISH GAP @ BROWNSVILLE ES,0.016825849
38.00541,-78.479986,20,Arrest,,1/15/2016,0 SCOTTSVILLE RD @ COLLEGE DR,0.030377569
38.039831,-78.506636,250,Arrest,,2/5/2016,0 250 BYP OFF RAMP & IVY RD,0.016825849
38.051145,-78.555706,250,Arrest,,5/18/2016,0 IVY RD @ BROOMLEY RD,0.016825849
38.006338,-78.514447,631,Arrest,,6/6/2016,0 5TH ST @ STAGECOACH RD,0.022779613
37.942833,-78.585229,631,Arrest,,2/21/2016,0 OLD LYNCHBURG RD & RED HILL RD,0.022779613
37.849629,-78.549096,20,Arrest,,9/11/2016,0 SCOTTSVILLE RD @ RIDING CLUB RD,0.030377569
38.005306,-78.52,631,Arrest,,4/6/2011,0 5TH ST EXT @ OLD LYNCHBURG RD,0.022779613
38.003785,-78.480912,20,Arrest,,4/15/2011,0 SCOTTSVILLE RD @ THOMAS JEFFERSON PKWY,0.030377569
37.823998,-78.618903,6,Arrest,,7/11/2011,0 IRISH RD @ CHESTNUT GROVE RD,0.022074779
38.003785,-78.480912,20,Arrest,,3/17/2012,0 SCOTTSVILLE RD @ THOMAS JEFFERSON PKWY,0.030377569
38.038578,-78.752008,250,Arrest,,4/19/2012,0 ROCKFISH GAP TNPK @ GREENWOOD STATION RD,0.016825849
38.009146,-78.378735,250,Arrest,,4/25/2012,0 RICHMOND RD @ GLENMORE WAY,0.016825849
37.864976,-78.555244,20,Arrest,,3/16/2013,0 SCOTTSVILLE RD @ PLANK RD,0.030377569
38.044024,-78.723272,250,Arrest,,3/28/2013,0 ROCKFISH GAP TNPK @ I64,0.016825849
37.956766,-78.659226,29,Arrest,,4/10/2013,0 MONACAN TR RD @ PLANK RD,0.012304447
38.030322,-78.443434,250,Arrest,,5/5/2013,0 RICHMOND RD @ ROLKIN RD,0.016825849
37.873385,-78.71704,29,Arrest,,9/8/2013,0 MONACAN TR RD/FABER RD,0.012304447
38.015483,-78.41194,250,Arrest,,10/6/2013,0 RICHMOND RD @ VDOT WAY,0.016825849
38.021302,-78.43132,250,Arrest,,10/27/2013,0 RICHMOND RD @ I64,0.016825849
37.819086,-78.693441,6,Arrest,,2/8/2014,0 IRISH RD @ GREEN CREEK RD,0.022074779
38.014416,-78.500158,631,Arrest,,7/5/2014,0 5TH ST & HARRIS RD,0.022779613
38.009339,-78.480065,20,Arrest,,9/20/2014,0 SCOTTSVILLE RD @ I64,0.030377569
38.034117,-78.457572,250,Arrest,,3/18/2015,0 RICHMOND RD @ FREEBRIDGE LN,0.016825849
38.013924,-78.39654,250,Arrest,,7/24/2015,0 RICHMOND RD @ LOUISA RD,0.016825849
37.917112,-78.684477,29,Arrest,,8/22/2015,0 MONACAN TR RD & SOUTH FORK DR,0.012304447
38.091947,-78.4679,29,Arrest,,10/21/2015,0 SEMINOLE TR & GANDER DR,0.012304447
38.079633,-78.475713,29,Arrest,,12/10/2015,0 SEMINOLE TR @ FASHION SQ DR,0.012304447
37.960356,-78.522696,20,Arrest,,1/9/2016,0 SCOTTSVILLE RD @ MARSHALL CT,0.030377569
38.009146,-78.378735,250,Arrest,,10/23/2016,0 RICHMOND RD @ GLENMORE WAY,0.016825849
38.09362,-78.466943,29,Arrest,,2/6/2011,0 SEMINOLE TR @ CARRSBROOK DR,0.012304447
38.003785,-78.480912,20,Arrest,,2/11/2012,0 SCOTTSVILLE RD @ THOMAS JEFFERSON PKWY,0.030377569
38.129698,-78.437942,29,Arrest,,6/8/2012,0 SEMINOLE TR @ TIMBERWOOD BLVD,0.012304447
38.008668,-78.491306,631,Arrest,,3/25/2016,0 5TH ST EXT @ I64,0.022779613
38.087917,-78.470486,29,Arrest,,3/28/2010,0 SEMINOLE TR @ WOODBROOK DR,0.012304447
38.113222,-78.452898,29,Arrest,,3/30/2010,0 SEMINOLE TR @ ASHWOOD BLVD,0.012304447
38.085278,-78.471718,29,Arrest,,4/23/2010,0 SEMINOLE TR @ GARDENS BLVD,0.012304447
38.079633,-78.475713,29,Arrest,,8/28/2010,0 SEMINOLE TRAIL @ FASHION SQUARE DR,0.012304447
38.085934,-78.478572,631,Arrest,,10/2/2010,0 W RIO RD @ BERKMAR DR,0.022779613
38.005306,-78.52,631,Arrest,,8/7/2010,0 OLD LYNCHBURG RD @ 5TH ST,0.022779613
38.055611,-78.59001,250,Arrest,,4/2/2011,0 IVY RD @ DICKWOODS RD,0.016825849
38.151975,-78.479811,743,Arrest,,11/25/2012,0 EARLYSVILLE RD @ RIDGEMONT RD,0.014030319
38.097066,-78.464677,29,Arrest,,1/19/2013,0 SEMINOLE TR @ HILTON HGTS RD,0.012304447
38.030075,-78.479238,20,Arrest,,1/6/2013,0 VALLEY ST/ E MAIN,0.030377569
37.848069,-78.581513,20,Arrest,,7/7/2015,0 SCOTTSVILLE RD @ ESMONT RD,0.030377569
37.995792,-78.581837,29,Arrest,,6/28/2010,0 MONACAN TR RD,0.012304447
38.149587,-78.475984,743,Arrest,,7/15/2016,0 EARLSYVILLE RD & BENT OAKS DR,0.014030319
38.048503,-78.717871,250,Arrest,,12/5/2015,0 ROCKFISH GAP TNPK @ HILLSBORO LN,0.016825849
38.05172,-78.541558,250,Arrest,,12/14/2015,0 IVY RD @ EDNAM DR,0.016825849
38.10269,-78.599878,601,Arrest,,2/27/2016,0 GARTH RD/DECCA LN,0.017077528
38.06481,-78.494242,743,Arrest,,3/5/2016,0 HYDRAULIC RD@ DISTRICT AVE,0.014030319
38.005364,-78.516656,631,Arrest,,3/24/2016,0 5TH ST EXT / I64,0.022779613
38.071336,-78.483448,29,Arrest,,7/26/2016,0 SEMINOLE TR @ WESTFIELD RD,0.012304447
38.015483,-78.41194,250,Arrest,,8/14/2016,0 RICHMOND RD & VDOT WAY,0.016825849
38.025952,-78.519117,29,Arrest,,11/13/2016,0 BYPASS & FONTAINE AV EXT,0.012304447
38.062215,-78.491635,29,Arrest,,12/31/2016,0 SEMINOLE TRL @ HYDRAULIC RD,0.012304447
38.045942,-78.516238,250,Arrest,,1/11/2010,0 IVY RD/OLD IVY RD,0.016825849
38.030322,-78.443434,250,Arrest,,12/19/2010,0 RICHMOND RD @ ROLKIN RD,0.016825849
38.132179,-78.435231,29,Arrest,,2/18/2012,0 SEMINOLE TR @ PROFFIT RD,0.012304447
38.003881,-78.366109,250,Arrest,,10/7/2011,0 RICHMOND RD @ HACKTOWN RD,0.016825849
38.063949,-78.463346,631,Arrest,,8/3/2016,0 E RIO RD @ BELVEDERE BLVD,0.022779613
38.009339,-78.480065,20,Arrest,,1/16/2010,0 SCOTTSVILLE RD @ I64,0.030377569
38.087917,-78.470486,29,Arrest,,3/23/2012,0 SEMINOLE TR/WOODBROOK DR,0.012304447
38.159089,-78.417899,29,Arrest,,9/3/2015,0 SEMINOLE TR @ BOULDERS RD,0.012304447
38.113222,-78.452898,29,Arrest,,11/9/2015,0 SEMINOLE TRL NB @ ASHWOOD BLVD,0.012304447
38.013924,-78.39654,250,Arrest,,1/13/2016,0 RICHMOND RD @ LOUISA RD,0.016825849
38.061978,-78.49154,743,Arrest,,1/15/2016,0 HYDRAULIC RD @ EMMET ST,0.014030319
38.015483,-78.41194,250,Arrest,,10/23/2014,0 RICHMOND RD @ VDOT WAY,0.016825849
38.006338,-78.514447,631,Arrest,,2/14/2015,0 5TH ST EXT & STAGECOACH RD,0.022779613
37.821268,-78.514343,20,Arrest,,4/6/2016,0 SCOTTSVILLE RD @ FAIRVIEW FARM,0.030377569
38.000411,-78.527483,631,Arrest,,7/29/2016,0 OLD LYNCHBURG RD @ HICKORY ST,0.022779613
38.083951,-78.472827,29,Arrest,,4/20/2012,0 SEMINOLE TR @ E RIO RD,0.012304447
38.030322,-78.443434,250,Arrest,,5/29/2012,0 RICHMOND RD @ ROLKIN RD,0.016825849
38.064691,-78.420929,20,Arrest,,4/7/2010,0 STONEY POINT RD @ BREEZEMONT DR,0.030377569
38.074031,-78.481024,29,Arrest,,4/17/2010,0 SEMINOLE TR @ PREMIER CL,0.012304447
38.078173,-78.496107,743,Arrest,,5/24/2010,0 HYDRAULIC RD @ WOODGATE CT,0.014030319
38.123249,-78.445516,29,Arrest,,6/1/2010,0 SEMINOLE TRL @ EAST COAST GAS,0.012304447
38.068106,-78.415174,20,Arrest,,6/12/2010,0 STONEY POINT RD @ WOLF TRAP,0.030377569
38.082801,-78.490584,743,Arrest,,6/13/2010,0 HYDRAULIC RD @ TOWNWOOD CT,0.014030319
38.064147,-78.422761,20,Arrest,,6/18/2010,0 STONY POINT RD @ THURMANS TRACT,0.030377569
38.072879,-78.409881,20,Arrest,,6/20/2010,0 STONY POINT RD @ RED BUD,0.030377569
38.076683,-78.478647,29,Arrest,,7/15/2010,0 SEMINOLE TRAIL @ SHOPPERS WORLD CT,0.012304447
38.068617,-78.497447,743,Arrest,,7/24/2010,0 HYDRAULIC RD AT WHITEWOOD RD,0.014030319
38.082801,-78.490584,743,Arrest,,7/25/2010,0 EARLYSVILLE @ HYDRAULIC,0.014030319
38.15723,-78.433062,743,Arrest,,8/12/2010,0 EARYLSVILLE RD @ DICKERSON RD,0.014030319
38.185322,-78.401169,29,Arrest,,9/3/2010,0 SEMINOLE TR @ FRAYS MILL RD,0.012304447
38.18523,-78.400918,29,Arrest,,9/18/2010,0 SEMINOLE TRAIL @ BURNLEY STATION RD,0.012304447
38.074756,-78.405726,20,Arrest,,10/1/2010,0 STONY POINT RD @ HAMMOCKS GAP,0.030377569
38.082801,-78.490584,743,Arrest,,10/8/2010,0 HYDRAULIC RD @ EARLYSVILLE RD,0.014030319
38.125811,-78.44266,29,Arrest,,10/16/2010,0 SEMINOLE TRAIL @ TOWNCENTER DR,0.012304447
38.102605,-78.460232,29,Arrest,,10/31/2010,0 SEMINOLE TRL @ RIO RD,0.012304447
38.121215,-78.447297,29,Arrest,,11/6/2010,0 SEMINOLE TRAIL @ HOLLYMEAD,0.012304447
38.164262,-78.414284,29,Arrest,,12/5/2010,0 SEMINOLE TR @ AUSTIN CT,0.012304447
37.808317,-78.520264,6,Arrest,,12/10/2010,0 IRISH RD @ WILLIS LN,0.022074779
38.026479,-78.438854,250,Arrest,,12/11/2010,0 RICHMOND RD @ PANTOP MTN RD,0.016825849
38.129698,-78.437942,29,Arrest,,2/20/2011,0 SEMINOLE TR @ TIMBERWOOD BLVD,0.012304447
38.068106,-78.415174,20,Arrest,,4/20/2011,0 STONY POINT RD @ WOLFTRAP,0.030377569
38.009146,-78.378735,250,Arrest,,4/28/2011,0 RICHMOND RD @ GLENMORE WAY,0.016825849
38.021302,-78.43132,250,Arrest,,5/9/2011,0 RICHMOND RD & I 64,0.016825849
38.021302,-78.43132,250,Arrest,,6/6/2011,0 RICHMOND RD @ I64 EAST,0.016825849
38.047957,-78.520381,601,Arrest,,9/24/2011,0 OLD IVY RD @ BYPASS,0.017077528
38.062215,-78.491635,29,Arrest,,11/11/2011,0 SEMINOLE TR @ HYDRAULIC RD,0.012304447
38.05536,-78.576895,250,Arrest,,3/17/2012,0 IVY RD AT VDOT WAY,0.016825849
37.97767,-78.681134,692,Arrest,,4/1/2012,0 PLANK RD @ EDGE VALLEY RD,0.022813036
38.115747,-78.636345,601,Arrest,,12/8/2012,0 GARTH RD @ LAKE ALBEMARLE RD,0.017077528
38.125811,-78.44266,29,Arrest,,4/28/2014,0 SEMINOLE TR/TOWNCENTER DR,0.012304447
38.079945,-78.494346,743,Arrest,,10/19/2014,0 HYDRAULIC RD @ WEBLAND DR,0.014030319
38.143901,-78.427241,29,Arrest,,11/9/2014,0 SEMINOLE TRL/CYPRESS DR,0.012304447
38.08048,-78.490837,743,Arrest,,4/6/2015,0 HYDRAULIC RD/TOWNWOOD DR,0.014030319
38.005727,-78.402335,729,Arrest,,7/19/2014,0 N MILTON RD @ MILTON RD,0.011018371
38.061927,-78.511941,250,Arrest,,4/16/2015,0 N BYPASS @ BARRACKS RD,0.016825849
38.070142,-78.484511,29,Arrest,,8/27/2013,0 SEMINOLE TRL S @ GREENBRIER DR,0.012304447
38.005306,-78.52,631,Arrest,,5/27/2013,0 OLD LYNCHBURG RD @ 5TH ST,0.022779613
38.02096,-78.540276,29,Arrest,,9/14/2013,0 MONACAN TR @ I64,0.012304447
38.021302,-78.43132,250,Arrest,,11/9/2013,0 RICHMOND RD @ I64,0.016825849
38.062215,-78.491635,743,Arrest,,11/10/2013,0 SEMINOLE TR & HYDRAULIC RD,0.014030319
38.125811,-78.44266,29,Arrest,,3/22/2014,0 SEMINOLE TRL @ TOWN CENTER BLVD,0.012304447
38.020884,-78.430554,250,Arrest,,9/5/2014,0 RICHMOND RD,0.016825849
38.026204,-78.531429,29,Arrest,,12/16/2014,0 FONTAINE EXT @ THE DEAD END,0.012304447
38.075432,-78.498112,743,Arrest,,2/27/2016,0 WHITEWOOD & HYDRAULIC,0.014030319
38.030322,-78.443434,250,Arrest,,3/13/2016,0 RICHMOND RD / ROLKIN RD,0.016825849
38.029828,-78.806913,250,Arrest,,2/22/2013,0 ROCKFISH GAP TNPK @ CRITZERS SHOP RD,0.016825849
38.062215,-78.491635,29,Arrest,,3/6/2014,0 SEMINOLE TRL & HYDRAULIC RD,0.012304447
38.074031,-78.481024,29,Arrest,,4/30/2014,0 SEMINOLE TR @ BRANCHLANDS BLVD,0.012304447
38.051149,-78.531395,250,Arrest,,5/3/2014,0 IVY RD & WHITE GABLES RD,0.016825849
38.043409,-78.727445,250,Arrest,,11/8/2014,0 ROCKFISH GAP TNPK @ I 64,0.016825849
38.087465,-78.54316,601,Arrest,,12/25/2014,0 GARTH RD @ GARTH HOUSE LN,0.017077528
38.000411,-78.527483,631,Arrest,,3/3/2010,0 OLD LYNCHBURG RD @ HICKORY ST,0.022779613
37.864976,-78.555244,20,Arrest,,2/27/2013,0 SCOTTSVILLE RD @ PLANK RD,0.030377569
38.236871,-78.386599,743,Arrest,,6/14/2013,0 ADVANCE MILLS RD AT FRAYS MILL RD,0.014030319
38.018601,-78.429163,250,Arrest,,11/14/2010,0 RICHMOND RD @ NORTH HILL,0.016825849
38.02096,-78.540276,29,Arrest,,4/30/2010,0 MONACAN TR @ I-64,0.012304447
38.068617,-78.497447,743,Arrest,,5/7/2011,0 HYDRAULIC RD/GARDEN CT,0.014030319
38.075451,-78.47875,29,Arrest,,8/10/2011,0 SEMINOLE TRL / AIRPORT RD,0.012304447
38.066213,-78.454272,631,Arrest,,12/17/2011,0 E RIO RD / DUNLORA DR,0.022779613
38.066967,-78.466304,631,Arrest,,9/19/2012,0 E RIO RD @ GREENBRIER DR,0.022779613
38.079633,-78.475713,29,Arrest,,3/17/2012,0 SEMINOLE TR @ FASHION SQ DR,0.012304447
38.013924,-78.39654,250,Arrest,,3/6/2015,0 RICHMOND RD @ LOUISA RD,0.016825849
37.967097,-78.552449,631,Arrest,,5/30/2016,0 OLD LYNCHBURG RD @ HEARTBREAK RD,0.022779613
38.075432,-78.498112,743,Arrest,,6/8/2016,0 HYDRAULIC RD & WHITEWOOD RD,0.014030319
38.010969,-78.560325,29,Arrest,,6/23/2012,0 MONACAN TR @ MCCAULEYS MTN LN,0.012304447
38.00541,-78.479986,20,Arrest,,12/29/2012,0 SCOTTSVILLE RD @ COLLEGE DR,0.030377569
37.918223,-78.549974,20,Arrest,,7/14/2016,0 SCOTTSVILLE RD @ RED HILL RD,0.030377569
38.097066,-78.464677,29,Arrest,,10/2/2014,0 SEMINOLE TR @ HILTON HEIGHTS,0.012304447
38.046611,-78.722152,250,Arrest,,10/11/2014,0 ROCKFISH GAP TNPK @ YANCEY MILLS,0.016825849
38.083951,-78.472827,29,Arrest,,2/28/2015,0 SEMINOLE TRL @ E RIO RD,0.012304447
38.037243,-78.451336,20,Arrest,,2/19/2016,0 STONY POINT @ TRAILSIDE DR,0.030377569
38.051395,-78.532635,250,Arrest,,12/2/2012,0 IVY RD @ BIRDWOOD DR,0.016825849
38.052496,-78.539905,250,Arrest,,6/30/2014,0 IVY RD @ FARMINGTON DR,0.016825849
37.99608,-78.486067,20,Arrest,,2/19/2010,0 SCOTTSVILLE RD @ STONE CREEK LN,0.030377569
37.993726,-78.530788,631,Arrest,,5/13/2010,0 OLD LYNCHBURG RD @ SINGLETON LN,0.022779613
37.825622,-78.6525,6,Arrest,,5/2/2012,0 IRISH RD @ SECRETARYS SAND RD,0.022074779
38.050556,-78.707775,250,Arrest,,6/2/2012,0 ROCKFISH GAP TNPK @ OLD TRAIL DR,0.016825849
37.918223,-78.549974,20,Arrest,,6/18/2012,0 SCOTTSVILLE RD @ RED HILL RD,0.030377569
38.002721,-78.520328,20,Arrest,,6/8/2014,0 SCOTTSVILLE RD @ FOREST RD,0.030377569
37.983822,-78.59238,29,Arrest,,9/13/2014,0 MONACAN TRL @ ARROWHEAD VALLEY RD,0.012304447
37.96253,-78.651264,29,Arrest,,9/13/2014,0 MONACAN TRL @ BURTON LN,0.012304447
37.997528,-78.485382,20,Arrest,,3/17/2015,0 SCOTTSVILLE RD @ LYMAN HILLS DR,0.030377569
37.809875,-78.500848,20,Arrest,,6/26/2016,0 SCOTTSVILLE RD @ JAMES RIVER RD,0.030377569
37.798748,-78.491451,6,Arrest,,7/14/2016,0 E MAIN ST @ FERRY ST,0.022074779
38.015463,-78.417612,250,Arrest,,1/24/2010,0 RICHMOND RD @ HUNTERS WAY,0.016825849
38.066392,-78.465919,631,Arrest,,2/3/2010,0 E RIO RD,0.022779613
38.068353,-78.497236,743,Arrest,,4/11/2010,0 HYDRAULIC RD @ TURTLE CREEK RD,0.014030319
38.02096,-78.540276,29,Arrest,,4/18/2010,0 MONACAN TR @ I 64,0.012304447
38.051145,-78.555706,250,Arrest,,12/19/2010,0 IVY RD @ BROOMLEY RD,0.016825849
38.124467,-78.547073,601,Arrest,,3/2/2015,0 FREE UNION RD @ HORSESHOE BEND RD,0.017077528
38.111701,-78.546141,601,Arrest,,2/14/2015,0 FREE UNION RD @ WOODLANDS RD,0.017077528
38.025952,-78.519117,250,Arrest,,11/25/2010,0 250BYPASS @ FONTAINE AV,0.016825849
38.062215,-78.491635,743,Arrest,,8/27/2012,0 HYDRAULIC RD & SEMINOLE TR,0.014030319
37.995792,-78.581837,29,Arrest,,1/13/2013,0 MONACAN TR/ANCHORAGE FARM,0.012304447
38.025952,-78.519117,29,Arrest,,9/29/2013,0 BYPASS @ FONTAINE AVE,0.012304447
38.061999,-78.647045,250,Arrest,,3/14/2015,0 IVY RD @ ROCKFISH GAP TNPK,0.016825849
38.05538,-78.58185,250,Arrest,,12/12/2015,0 IVY RD @ W LEIGH DR,0.016825849
38.008338,-78.50693,631,Arrest,,7/24/2010,0 5TH ST @ I64,0.022779613
37.999535,-78.528199,631,Arrest,,7/30/2010,0 OLD LYNCHBURG RD @ AMBROSE COMMONS DR,0.022779613
38.00196,-78.481927,20,Arrest,,7/29/2013,1100 SCOTTSVILLE RD,0.030377569
38.113309,-78.452842,29,Arrest,,10/31/2013,2700 SEMINOLE TR,0.012304447
38.054051,-78.567015,250,Arrest,,3/16/2016,3400 IVY RD,0.016825849
38.080596,-78.475558,29,Arrest,,12/26/2013,1600 SEMINOLE TR,0.012304447
38.080366,-78.49382,743,Arrest,,4/6/2017,2900 HYDRAULIC RD,0.014030319
37.968739,-78.518717,20,Arrest,,6/14/2016,2516 SCOTTSVILLE RD,0.030377569
38.169549,-78.411227,29,Arrest,,7/18/2016,4800 SEMINOLE TR,0.012304447
38.051464,-78.682675,250,Arrest,,12/24/2016,0 ROCKFISH GAP @ RADFORD LN,0.016825849
38.010019,-78.564005,29,Arrest,,8/15/2016,1100 MONACAN TR RD,0.012304447
38.007245,-78.571186,29,Arrest,,12/11/2016,1300 MONACAN TR,0.012304447
38.00142,-78.581116,29,Arrest,,1/26/2016,1500 MONACAN TR,0.012304447
37.977131,-78.607691,29,Arrest,,10/30/2016,2500 MONACAN TRAIL RD,0.012304447
38.022287,-78.431956,250,Arrest,,8/15/2010,0 RICHMOND RD @ HANSENS MTN RD,0.016825849
38.025952,-78.519117,250,Arrest,,5/12/2016,0 250 BYPS OFF RAMP & FONTAINE AVE,0.016825849
